carat,cut,color,clarity,depth,table,price,x,y,z
0.276,Very Good,J,VS2,63.69,55.1,456,5.99,5.46,3.59
0.671,Very Good,F,VVS2,63.89,58.9,1897,6.73,7.32,4.52
0.851,Premium,H,SI1,56.63,56.8,2767,6.71,7.42,4.07
0.638,Ideal,H,VS2,60.19,59.3,2141,7.31,6.34,4.05
1.02,Ideal,I,VS2,59.91,57.9,3944,7.41,7.87,4.56
0.226,Very Good,J,SI1,58.87,56.3,312,5.45,5.51,3.25
0.816,Premium,F,SI2,60.36,60.3,2574,7.3,7.69,4.4
0.4,Very Good,I,SI2,57.48,55.9,753,6.75,5.87,3.67
0.069,Ideal,E,I1,65.61,52.2,217,5.44,4.56,3.4
0.542,Ideal,H,VVS2,64.84,58.9,1700,6.69,6.28,4.26
0.339,Premium,H,SI1,59.83,57.8,286,5.45,5.71,3.23
1.365,Ideal,H,SI2,62.94,59.8,5692,8.45,7.88,5.17
0.484,Premium,F,VS1,60.64,55.1,1307,6.0,6.44,3.81
0.295,Premium,I,SI1,58.43,,352,6.02,6.31,3.6
0.439,Good,E,VS2,63.35,56.2,1030,6.42,5.65,3.75
0.283,Premium,D,SI2,51.75,59.1,518,6.36,6.1,3.23
0.157,Premium,H,VVS1,78.6,58.4,121,4.53,5.15,3.77
0.413,Premium,G,VVS2,72.32,57.5,863,5.78,6.02,4.28
0.214,Very Good,I,VVS2,62.94,57.5,395,6.06,5.48,3.59
0.719,Ideal,G,SI1,67.14,,2128,6.24,6.79,4.36
1.377,Very Good,E,VS1,59.33,58.7,6954,8.76,8.63,5.2
0.306,Premium,I,SI2,66.8,58.7,515,6.22,5.36,3.85
1.05,Premium,G,I1,49.38,62.0,3006,7.61,8.14,3.94
0.102,Premium,E,I1,62.39,58.0,393,4.69,5.46,3.25
0.767,Premium,H,VS2,57.77,58.4,2459,6.87,7.25,4.08
0.482,Very Good,G,VS2,59.49,58.1,1025,6.79,5.89,3.87
0.581,Very Good,H,VS2,66.47,55.5,1687,7.07,6.01,4.3
0.867,Premium,G,I1,59.19,59.7,2263,7.25,7.64,4.41
0.514,Premium,I,SI1,65.93,56.9,1201,5.89,5.82,3.76
0.112,Very Good,I,VS1,49.96,56.6,144,5.98,5.34,2.85
0.654,Premium,H,VS2,57.83,56.7,1882,6.96,7.04,4.05
0.575,Premium,E,VS1,65.01,56.9,1877,6.07,6.39,4.16
0.32,Premium,I,SI1,53.22,55.9,536,5.94,6.27,3.33
0.362,Ideal,H,VVS2,49.42,57.5,746,6.02,5.8,3.04
0.688,Very Good,H,VS2,77.16,56.8,1887,6.47,6.21,4.81
0.468,Fair,F,SI2,61.21,56.6,1052,6.31,6.32,3.9
0.298,Ideal,I,SI1,59.54,58.1,401,6.19,5.82,3.48
0.44,Premium,H,VS2,60.31,57.2,955,5.98,7.18,4.18
0.169,Premium,E,VVS2,63.96,55.8,144,5.91,5.04,3.4
0.219,Ideal,G,SI1,74.29,55.3,510,4.85,5.45,3.83
0.401,Ideal,I,SI1,65.17,57.2,966,6.89,5.71,4.08
0.386,Ideal,D,VVS2,54.19,55.4,969,5.99,5.91,3.3
0.465,Premium,J,VS1,62.78,55.2,800,6.59,6.09,3.94
0.396,Premium,H,VS2,71.39,55.2,971,6.08,5.64,4.21
0.138,Very Good,H,VS2,55.63,57.6,-57,5.02,5.53,3.01
1.04,Very Good,F,SI2,56.3,59.6,3450,7.59,7.51,4.36
0.844,Premium,F,VS2,57.39,57.8,2930,6.35,7.65,4.12
0.526,Very Good,J,SI1,66.23,,1199,6.59,6.06,4.16
0.285,Ideal,F,IF,58.18,56.8,804,5.79,6.46,3.61
0.769,Premium,I,VS2,50.91,57.3,2278,6.85,7.03,3.67
0.712,Premium,G,VS2,59.87,60.6,2063,7.08,7.29,4.27
0.956,Very Good,E,VS2,57.46,58.8,3669,7.41,7.44,4.46
0.612,Good,D,VVS2,62.87,59.1,1901,6.77,6.22,3.98
0.322,Good,G,VVS2,58.4,56.4,790,6.19,5.7,3.33
0.596,Very Good,J,VS2,65.58,57.0,1282,6.27,5.94,4.1
0.061,Good,F,VS1,71.96,57.9,95,4.82,5.11,3.51
0.302,Premium,F,VS2,,55.7,526,5.07,5.82,3.36
1.207,Ideal,F,VS2,54.15,51.8,5712,8.07,8.04,4.41
0.142,Ideal,G,SI2,55.8,57.9,46,5.54,5.89,3.22
0.084,Premium,G,VS2,70.98,59.1,45,4.68,5.15,3.45
0.328,Very Good,I,SI1,60.56,57.1,147,6.39,5.06,3.47
0.334,Ideal,G,VVS2,46.26,55.7,679,5.51,7.25,3.15
0.733,Ideal,G,SI1,73.09,56.3,2238,5.99,6.56,4.43
0.49,Very Good,E,VVS1,63.96,52.5,1489,6.82,6.61,4.26
0.407,Premium,J,VS2,69.8,56.3,1019,5.23,5.42,3.72
0.095,Very Good,F,VS2,49.5,54.5,-20,5.62,5.34,2.76
0.413,Ideal,D,VS2,59.96,55.5,1337,6.32,5.71,3.62
0.229,Ideal,H,SI2,70.36,54.4,188,5.7,4.44,3.49
0.67,Good,H,SI1,59.56,54.2,1465,6.47,6.56,3.86
0.422,Ideal,G,SI2,64.08,54.8,578,6.26,6.03,3.91
0.03,Premium,G,VS2,53.27,58.4,105,5.49,4.99,2.87
0.93,Ideal,I,VS2,62.3,55.9,3417,6.93,7.42,4.5
0.163,Premium,E,VS1,59.16,54.6,329,5.8,5.3,3.28
0.449,Ideal,I,SI1,63.49,58.7,1029,6.49,6.15,3.96
0.368,Good,H,SI2,60.18,57.3,558,6.04,5.99,3.65
0.583,Very Good,G,SI1,62.94,51.8,1445,6.24,6.44,3.92
0.261,Good,G,VVS1,54.61,59.2,796,6.03,5.58,3.25
0.226,Ideal,F,VS1,62.92,57.2,352,5.77,5.21,3.45
0.35,Ideal,H,SI1,61.2,58.7,1007,5.47,6.11,3.55
1.004,Ideal,G,VS2,56.99,56.5,4179,7.36,7.4,4.34
0.148,Ideal,F,SI2,61.66,60.5,224,5.7,5.22,3.37
0.42,Good,H,IF,61.49,56.2,1140,6.1,6.25,3.84
0.503,Very Good,J,VS1,59.26,51.2,679,6.69,6.34,3.75
0.454,Good,G,SI1,67.97,55.0,854,6.0,5.86,4.06
0.268,Very Good,J,VS2,63.01,58.1,291,5.27,6.17,3.58
0.308,Very Good,F,SI2,,57.3,791,6.65,5.29,3.18
0.364,Premium,D,VVS1,75.7,56.7,1002,5.24,5.5,4.05
0.403,Very Good,F,SI2,64.57,54.8,725,5.81,6.27,3.93
0.054,Good,G,VS1,61.83,57.0,27,5.25,5.84,3.48
0.599,Very Good,F,SI1,66.01,57.0,1342,6.89,6.27,4.12
0.534,Very Good,D,VS1,48.47,,1509,6.59,6.5,3.2
0.723,Ideal,J,VS1,,58.2,2503,7.73,6.33,4.51
0.072,Ideal,I,VS1,66.07,57.4,-258,5.13,4.81,3.23
0.496,Ideal,H,VS2,61.88,56.4,1331,5.89,6.69,3.95
0.372,Very Good,E,VVS2,,54.8,775,5.84,6.08,3.82
0.455,Very Good,E,SI2,69.76,60.0,1123,6.01,6.6,4.36
0.349,Ideal,D,SI1,57.2,61.4,875,5.85,6.31,3.46
0.537,Very Good,H,SI1,68.2,60.8,977,5.95,5.51,3.75
0.249,Very Good,J,IF,57.16,58.5,390,5.94,5.14,3.22
0.433,Very Good,G,SI1,57.08,53.3,939,6.23,6.19,3.43
0.09,Good,E,VS1,63.57,53.0,38,4.72,4.55,2.92
0.309,Very Good,G,VS1,53.39,55.8,599,6.16,5.35,3.01
0.322,Very Good,F,SI2,62.97,56.9,507,5.48,6.38,3.71
0.029,Premium,F,SI1,,56.8,143,4.6,4.86,3.74
0.442,Good,H,SI1,69.53,57.4,904,6.14,6.39,4.38
0.519,Very Good,H,SI1,61.54,53.9,1134,5.59,6.29,3.62
0.307,Ideal,E,SI1,62.09,60.5,638,6.0,5.5,3.48
0.666,Very Good,D,I1,76.87,60.3,1308,5.53,6.0,4.47
0.935,Very Good,J,VVS2,65.69,54.1,3546,6.93,7.43,4.63
1.32,Ideal,F,VVS1,57.47,52.9,8484,8.93,8.88,5.12
0.138,Very Good,D,SI1,62.16,56.8,111,5.07,5.08,3.23
0.589,Good,E,SI1,66.23,59.8,1497,6.27,6.5,4.34
0.446,Premium,D,I1,56.77,56.9,988,6.62,5.51,3.45
0.394,Very Good,G,VS1,68.62,57.6,1003,5.67,5.72,3.84
0.139,Premium,I,VVS2,58.78,56.0,202,5.65,5.48,3.41
0.403,Ideal,F,SI2,58.46,57.3,693,6.48,6.3,3.72
0.037,Very Good,G,SI2,65.09,59.1,288,5.28,5.31,3.39
0.351,Premium,H,VS1,68.74,57.9,851,5.3,5.06,3.64
0.087,Premium,G,VS2,60.58,,109,4.98,5.03,3.07
0.275,Very Good,I,SI2,59.34,53.3,250,6.77,5.3,3.54
0.775,Premium,I,VS2,56.81,61.7,2397,6.74,6.81,3.78
0.239,Very Good,D,SI1,60.92,53.4,115,6.79,5.55,3.64
0.063,Premium,I,SI1,,57.3,152,5.84,5.58,3.45
0.493,Good,G,VS1,55.94,56.7,1306,6.44,6.35,3.64
0.228,Premium,J,VVS2,55.58,56.8,410,5.69,6.14,3.17
1.336,Very Good,G,SI1,59.8,58.9,5141,8.15,8.06,4.92
0.098,Ideal,J,VVS1,65.93,55.4,178,5.21,4.68,3.23
1.987,Good,H,SI1,63.54,56.0,9405,9.69,10.5,6.15
0.261,Very Good,F,VS1,70.36,54.5,351,5.63,5.83,3.98
0.252,Premium,G,VS2,76.18,59.5,557,5.09,5.33,3.92
0.116,Premium,J,VVS2,70.62,57.6,206,4.72,5.47,3.52
0.53,Premium,I,VVS2,58.81,58.4,1454,6.85,6.66,3.93
0.042,Premium,E,SI2,60.88,58.8,-61,4.46,5.15,2.88
0.498,Ideal,H,VVS1,68.91,61.4,1550,6.6,5.95,4.35
0.722,Ideal,F,VVS2,66.22,61.0,2741,6.05,6.63,4.11
0.134,Very Good,D,VS1,61.91,57.7,213,5.59,5.45,3.39
1.103,Premium,G,SI2,61.93,57.3,3842,7.67,7.84,4.94
0.204,Ideal,F,VVS2,57.15,,557,6.04,5.99,3.42
0.319,Ideal,I,VVS2,66.47,58.6,751,5.66,5.69,3.92
0.082,Ideal,F,SI1,73.74,58.6,132,4.4,4.82,3.36
0.361,Very Good,I,VVS1,61.48,55.4,754,5.83,6.93,3.94
0.559,Very Good,D,SI2,65.24,,1218,6.46,6.47,4.07
0.137,Premium,F,SI2,60.57,59.2,76,5.29,5.68,3.29
0.463,Premium,F,VS2,60.98,54.5,1372,6.39,6.37,3.82
0.535,Premium,F,VS2,60.72,57.4,1554,6.11,6.41,3.88
0.657,Premium,D,VS1,59.14,56.9,2458,6.14,6.55,3.7
0.391,Ideal,E,I1,64.17,57.0,418,5.58,4.86,3.39
0.883,Very Good,G,VVS1,68.8,54.9,3546,7.0,6.78,4.65
0.132,Ideal,F,SI2,53.86,53.0,-59,5.12,5.46,2.92
0.518,Very Good,G,SI2,,55.3,850,7.26,5.21,3.76
0.218,Very Good,F,I1,52.14,55.0,53,6.05,5.57,3.11
0.494,Premium,I,VS2,57.03,,1046,6.51,6.5,3.7
0.427,Ideal,J,VVS1,60.77,57.8,1283,6.25,6.4,3.69
0.21,Good,G,VS1,58.58,57.7,330,5.64,5.76,3.29
0.37,Very Good,F,VVS2,52.23,53.9,720,6.05,6.31,3.23
0.206,Ideal,E,I1,54.12,54.5,160,5.58,6.16,3.35
1.246,Very Good,J,VS2,55.47,55.6,4653,8.13,8.55,4.68
0.618,Premium,D,VS2,62.86,57.1,2117,5.71,6.62,3.84
1.263,Premium,F,VS2,64.19,56.3,5787,8.01,8.1,5.22
0.187,Premium,F,SI2,69.18,57.7,59,5.37,5.51,3.67
0.076,Premium,F,VS1,56.66,59.1,8,4.89,5.08,2.82
0.504,Very Good,E,VS2,69.22,54.8,1643,6.04,6.71,4.33
0.512,Premium,I,VS1,57.72,54.9,1147,6.4,6.51,3.71
0.645,Very Good,E,VS2,57.82,57.3,1965,6.92,6.46,3.89
0.648,Premium,H,SI2,54.15,56.8,1891,6.74,7.15,3.8
1.206,Very Good,E,VS1,59.61,58.6,5570,8.31,7.9,4.93
0.644,Premium,D,SI2,72.24,57.0,2102,6.91,6.23,4.66
0.16,Very Good,J,VVS2,53.42,60.8,94,5.28,5.4,2.88
0.11,Very Good,E,VS2,51.39,53.5,-184,5.49,4.95,2.65
1.266,Very Good,I,SI2,62.83,58.8,4035,7.47,8.54,5.08
0.393,Very Good,G,VVS1,66.01,57.4,845,5.83,5.64,3.86
0.943,Ideal,D,VS2,,53.9,3963,7.16,7.31,4.53
0.197,Very Good,J,SI2,58.7,52.5,141,6.11,5.87,3.57
0.63,Ideal,F,VS2,56.6,54.5,2167,6.71,6.29,3.71
0.195,Ideal,I,SI1,57.18,59.7,177,4.95,5.65,3.11
0.026,Premium,E,VVS2,63.14,59.4,-42,5.3,4.68,3.18
0.829,Very Good,I,VVS2,66.7,56.7,3038,7.44,7.17,4.87
0.137,Very Good,D,VVS1,63.44,56.2,92,5.31,5.57,3.47
0.12,Ideal,G,VS2,64.7,55.1,228,5.58,5.28,3.46
0.359,Very Good,I,VS2,61.6,,389,4.9,5.91,3.32
0.365,Good,J,VS1,72.75,,514,4.83,6.09,3.77
0.48,Premium,J,SI2,59.22,,881,5.73,6.09,3.47
0.52,Ideal,I,VS2,65.66,54.3,1524,6.36,6.66,4.41
0.196,Ideal,I,VS2,50.65,,145,6.1,6.04,3.09
0.123,Very Good,E,SI2,62.09,60.9,-24,4.86,4.94,3.05
0.901,Premium,F,SI1,53.2,58.7,3232,6.91,7.96,4.01
0.694,Very Good,F,VVS2,62.42,54.5,2421,6.77,6.61,4.17
0.135,Very Good,F,VVS2,58.09,53.6,16,5.14,6.14,3.32
0.087,Ideal,G,SI2,73.27,57.6,-10,5.0,5.1,3.68
0.29,Very Good,G,SI2,62.88,57.3,574,5.56,6.01,3.77
0.118,Very Good,E,SI1,54.71,59.7,-57,5.82,5.58,3.04
0.282,Fair,H,VVS2,62.89,58.2,494,6.15,5.55,3.79
0.664,Ideal,E,SI2,55.37,55.9,1877,6.67,6.69,3.72
0.346,Ideal,F,VS1,51.55,55.8,1046,6.53,6.44,3.4
0.838,Premium,G,SI2,61.89,54.1,2509,7.3,6.97,4.39
0.307,Ideal,I,VS2,54.22,57.3,710,6.23,5.6,3.22
0.801,Very Good,H,SI1,70.3,53.9,2204,6.66,6.54,4.62
0.27,Premium,H,VS1,72.9,59.0,616,5.41,6.3,4.19
0.024,Very Good,E,SI1,64.07,58.3,129,4.79,4.87,3.05
0.512,Good,G,VS2,56.46,58.2,1217,6.25,6.76,3.67
0.056,Premium,E,SI1,63.18,54.1,-3,5.16,4.9,3.15
0.239,Ideal,F,VS1,58.16,,487,5.73,6.06,3.29
0.382,Good,G,VVS2,58.57,56.1,542,6.74,6.28,3.75
0.442,Very Good,D,SI2,54.0,57.2,1190,6.39,6.01,3.37
0.569,Very Good,F,VVS2,67.12,58.2,1624,6.22,6.13,4.05
0.087,Very Good,J,VS2,75.13,55.9,14,5.22,4.96,3.8
0.171,Ideal,J,SI2,48.17,56.0,-11,6.03,5.16,2.76
0.302,Premium,F,SI1,52.03,58.5,656,6.07,6.18,3.2
0.575,Premium,D,SI2,54.85,54.5,1604,7.03,6.5,3.83
0.462,Ideal,E,VS1,65.12,55.4,1346,5.96,5.71,3.96
0.167,Very Good,G,VS1,68.14,57.0,-135,5.13,5.32,3.62
0.789,Premium,J,SI2,66.72,59.0,1916,6.69,6.92,4.53
0.091,Very Good,E,VS2,57.99,54.9,152,5.07,4.37,2.73
0.492,Premium,I,VVS2,59.23,60.9,1365,5.8,6.15,3.64
0.196,Ideal,E,VVS1,51.93,54.0,391,5.61,5.78,3.12
0.678,Ideal,J,VS2,62.69,60.4,1925,6.82,6.64,4.1
0.239,Very Good,G,VVS1,58.61,59.6,196,6.13,5.7,3.46
2.037,Ideal,I,VS2,60.2,53.9,12081,9.39,10.29,5.74
0.5,Very Good,F,SI1,63.9,53.4,936,5.87,6.11,3.72
0.969,Good,H,VVS2,62.11,58.6,3533,7.74,7.71,4.73
1.219,Very Good,E,VS2,56.67,56.2,5130,8.12,8.63,4.74
0.314,Very Good,E,VS2,63.46,54.8,752,5.8,5.18,3.51
0.353,Premium,J,VS2,69.12,61.0,745,6.39,5.74,4.14
0.907,Premium,J,VVS2,67.01,54.4,3367,6.86,8.2,5.06
0.411,Ideal,I,VVS2,51.15,55.4,1164,5.74,6.1,3.07
0.161,Premium,H,SI1,62.17,55.7,-34,5.06,5.39,3.38
0.081,Premium,I,SI1,86.22,50.8,49,4.4,5.1,4.1
0.452,Good,D,VS2,62.47,57.2,915,6.18,6.64,3.92
0.245,Good,F,VS2,66.74,55.0,522,5.4,5.24,3.47
0.66,Premium,F,SI1,67.03,58.8,1996,6.36,7.02,4.48
0.272,Very Good,H,VS1,64.56,,559,5.31,5.57,3.57
1.184,Ideal,F,VS2,66.3,57.5,5455,7.95,7.66,5.09
0.182,Very Good,E,SI1,63.03,57.5,351,5.14,5.36,3.31
0.125,Fair,H,SI2,,57.4,-79,5.4,5.29,3.35
0.349,Very Good,I,SI1,62.19,55.5,440,6.06,5.67,3.75
0.62,Very Good,G,VVS1,66.41,55.6,1961,6.43,7.0,4.29
0.699,Good,E,SI1,62.5,59.9,1819,6.6,6.45,4.02
0.411,Premium,E,SI2,59.8,58.6,958,6.1,6.08,3.58
1.23,Good,F,VS2,52.42,57.5,4791,8.06,8.29,4.37
0.379,Premium,F,SI1,56.99,58.3,636,6.48,6.0,3.55
0.307,Very Good,H,I1,64.23,56.9,181,5.89,6.08,3.85
0.505,Very Good,H,SI1,63.49,57.4,1197,6.7,6.09,4.0
0.145,Very Good,H,VS2,55.46,58.3,-225,5.61,5.61,3.02
0.797,Ideal,F,VS2,52.51,52.4,2788,6.47,7.25,3.72
0.893,Very Good,I,SI1,,59.0,2846,7.01,7.62,4.4
0.44,Ideal,F,VS2,71.47,58.8,1085,6.08,5.35,4.04
0.171,Good,G,VVS1,55.71,55.3,348,5.77,5.63,3.21
0.462,Ideal,I,SI1,50.94,59.7,1120,6.93,6.52,3.36
1.191,Very Good,E,SI1,59.98,52.1,4809,7.78,7.81,4.71
0.58,Premium,E,SI1,62.6,57.8,1403,6.47,6.23,4.07
0.681,Premium,I,VS2,64.7,57.1,1743,7.02,6.42,4.49
0.762,Ideal,F,VS1,62.96,56.3,2753,6.88,6.49,4.17
0.142,Very Good,H,SI2,63.04,57.0,201,6.01,5.62,3.63
0.331,Good,D,VS1,65.67,58.3,805,5.29,6.74,3.88
0.635,Fair,H,I1,,,855,6.86,6.37,3.7
0.105,Ideal,F,SI1,63.92,59.2,97,5.53,5.08,3.63
0.859,Premium,D,VS1,61.31,56.1,3683,7.61,7.15,4.48
0.113,Ideal,H,SI1,56.74,59.2,126,5.31,4.64,2.91
0.26,Very Good,F,VS2,68.41,58.4,312,6.01,5.37,4.02
0.838,Very Good,G,SI2,59.02,56.1,2488,7.0,7.07,4.32
0.357,Good,E,VS1,52.46,56.8,862,5.57,5.53,3.05
0.454,Ideal,E,SI2,58.06,57.0,1075,5.76,6.61,3.57
1.324,Premium,F,VVS2,60.98,60.5,7074,7.73,7.79,4.8
0.747,Ideal,E,SI2,55.94,54.5,2235,6.69,7.23,4.02
0.372,Very Good,J,VVS2,56.03,56.0,821,6.05,6.52,3.52
0.776,Premium,D,SI1,58.74,53.5,2681,6.86,7.09,4.19
0.378,Premium,G,VS1,61.29,,881,6.02,5.89,3.58
0.329,Very Good,E,SI1,59.91,55.6,333,6.32,5.92,3.56
0.398,Ideal,F,VVS2,66.41,55.9,1033,5.79,5.82,3.87
0.298,Ideal,J,SI2,58.84,60.3,437,6.68,4.93,3.32
0.229,Ideal,E,SI2,70.43,55.2,501,5.87,5.18,3.8
0.275,Premium,J,VS2,55.73,56.6,302,5.61,5.68,3.14
0.252,Very Good,F,SI2,69.92,56.0,121,5.54,5.25,3.66
0.173,Very Good,H,SI2,74.01,56.1,243,5.03,5.27,3.85
0.614,Ideal,G,VVS1,57.58,63.1,2240,6.52,6.73,3.97
0.671,Fair,I,VVS1,64.43,53.2,1563,5.81,6.74,4.16
0.332,Premium,G,SI1,51.82,58.4,364,6.33,6.25,3.31
1.389,Premium,G,VVS1,63.75,62.3,7704,7.35,8.59,5.03
0.936,Premium,E,VS2,65.6,59.4,3728,7.36,7.48,4.97
0.606,Ideal,E,SI1,68.03,57.1,2096,6.06,6.23,4.23
0.728,Very Good,J,VS1,65.84,54.4,1930,6.54,6.29,4.32
0.125,Very Good,F,VS1,52.2,59.9,223,5.08,5.15,2.71
0.879,Good,F,IF,58.06,59.1,3398,7.97,6.91,4.2
0.236,Very Good,H,SI1,75.03,53.6,377,5.15,5.52,3.98
1.203,Very Good,F,VS1,62.38,56.3,5561,8.37,7.58,5.03
1.946,Very Good,J,SI2,61.67,54.3,7963,10.33,10.2,6.18
1.578,Ideal,H,SI2,66.3,50.7,6856,8.01,8.65,5.52
0.62,Ideal,H,I1,60.79,54.3,1470,6.3,6.4,3.85
0.685,Very Good,I,IF,61.76,57.2,2412,7.31,6.7,4.23
0.712,Very Good,D,VVS2,54.63,58.3,2711,6.25,7.23,3.71
0.316,Ideal,F,VS1,49.53,56.3,570,6.27,6.49,3.09
0.593,Good,G,VS2,56.09,60.0,1496,6.48,7.21,3.77
0.207,Good,F,SI1,65.98,59.3,164,5.49,5.0,3.47
1.185,Very Good,H,SI2,,56.7,3872,7.99,7.81,4.41
0.675,Premium,J,SI1,62.52,56.4,1769,6.82,6.46,4.15
0.928,Very Good,G,SI1,59.52,57.8,3113,6.94,7.47,4.19
0.427,Ideal,F,VS1,58.27,57.0,1083,5.96,6.19,3.48
0.283,Very Good,J,VS2,,53.9,405,5.86,5.47,3.91
0.131,Premium,G,SI2,62.7,56.4,244,5.4,5.06,3.31
0.243,Very Good,G,I1,59.15,58.5,219,5.75,5.21,3.19
0.371,Premium,F,SI2,69.39,59.9,687,5.64,4.87,3.71
0.689,Premium,J,SI1,56.24,59.1,1759,6.98,6.2,3.69
0.542,Ideal,G,VVS1,62.81,57.7,1818,6.41,6.7,4.03
0.489,Ideal,I,VS2,68.35,60.2,1318,5.59,6.81,4.17
0.66,Premium,I,VVS2,63.07,57.9,2400,6.44,7.19,4.29
0.375,Ideal,F,VS2,72.24,56.8,628,5.58,6.3,4.31
0.662,Ideal,G,SI1,54.79,60.3,1787,6.29,6.25,3.51
0.483,Ideal,I,SI2,65.38,58.6,993,6.02,5.74,3.86
0.467,Good,F,VVS2,55.81,59.9,1195,6.41,5.44,3.4
0.228,Fair,I,VS1,63.19,54.4,254,5.32,5.34,3.39
0.316,Very Good,J,SI2,58.86,55.1,350,5.88,5.82,3.57
0.066,Premium,H,VS2,76.41,55.2,-137,5.19,4.76,3.88
0.201,Very Good,H,VS2,63.27,57.4,172,5.19,5.67,3.38
0.821,Very Good,I,VS2,61.51,61.0,2548,6.91,7.31,4.31
0.222,Ideal,I,VVS1,65.85,54.5,434,5.9,5.37,3.73
0.538,Ideal,G,VS2,63.8,59.0,1594,6.4,5.81,3.89
0.205,Ideal,D,VS2,67.41,54.4,186,5.73,6.06,3.96
0.737,Very Good,G,SI2,62.62,,2042,7.35,6.86,4.41
0.566,Premium,H,SI2,61.38,53.5,1182,6.59,7.19,4.2
0.14,Very Good,G,SI2,53.56,58.6,199,4.58,5.39,2.75
0.768,Very Good,H,I1,66.3,58.9,1555,7.03,6.98,4.85
0.924,Very Good,F,VS1,60.15,58.4,3416,7.06,6.92,4.29
0.21,Very Good,H,VS1,58.56,,370,6.25,5.36,3.41
0.339,Very Good,E,SI2,61.88,54.7,670,6.01,5.22,3.41
0.177,Ideal,H,VVS2,60.82,59.8,687,5.2,4.91,3.06
0.716,Good,G,SI2,54.65,59.3,1752,7.02,7.09,3.81
0.419,Premium,F,SI1,61.54,59.3,1031,6.08,5.93,3.76
0.417,Premium,F,SI1,55.66,59.5,1102,5.36,5.87,3.13
0.368,Very Good,H,SI1,60.3,53.6,738,6.27,5.62,3.58
0.953,Premium,G,SI1,66.22,53.6,3319,7.22,7.23,4.85
1.497,Very Good,F,VS2,58.58,55.5,7057,9.31,9.2,5.54
0.934,Premium,J,SI1,62.81,55.9,3090,7.29,7.39,4.63
0.729,Very Good,H,IF,57.81,55.7,2898,7.4,6.35,3.92
0.281,Very Good,J,SI2,49.83,57.6,132,5.87,6.11,3.05
0.252,Good,G,SI2,61.18,59.5,28,6.02,6.32,3.79
0.231,Premium,G,SI2,60.94,56.4,510,5.38,5.78,3.31
0.316,Ideal,I,VS2,58.15,55.2,486,5.93,6.15,3.55
0.292,Very Good,G,SI2,61.82,58.8,166,5.04,6.22,3.48
0.635,Premium,H,VVS2,68.09,56.4,1797,6.54,5.92,4.25
0.107,Premium,F,VS2,71.12,57.2,381,4.67,6.01,3.81
0.308,Ideal,G,VS2,71.45,56.3,743,5.31,6.21,4.0
0.06,Ideal,E,VS2,49.48,,-70,4.79,5.35,2.49
0.74,Premium,F,SI2,57.35,54.8,1971,7.11,6.8,4.12
0.311,Premium,D,SI2,59.5,58.6,578,5.72,5.24,3.16
1.17,Ideal,D,SI1,65.68,56.9,5782,7.94,7.79,5.14
0.664,Very Good,J,VS2,60.61,55.3,1628,6.59,6.84,4.1
0.061,Very Good,F,SI2,67.12,58.2,-82,5.58,4.71,3.37
0.125,Fair,H,SI2,58.93,55.3,259,5.31,5.28,3.17
0.303,Ideal,I,VVS1,60.23,55.4,687,5.86,5.28,3.24
1.518,Ideal,G,I1,,54.4,5465,8.57,8.64,5.12
0.188,Good,E,VVS2,54.98,53.3,379,5.93,4.93,2.92
0.472,Premium,H,VS1,59.59,58.2,883,6.67,5.6,3.43
0.815,Premium,H,SI1,54.9,59.6,2608,7.02,7.17,3.88
0.947,Good,H,SI2,58.89,56.0,2600,7.13,7.14,4.21
0.369,Ideal,I,SI2,59.21,55.2,453,5.28,5.73,3.33
0.171,Very Good,J,VS1,67.56,53.0,-85,5.08,5.17,3.47
0.406,Good,G,VS1,61.12,52.2,764,5.15,7.1,3.82
0.782,Premium,F,VS1,63.44,58.6,2920,6.59,7.2,4.39
0.647,Premium,H,VVS1,68.19,52.7,2295,6.76,6.9,4.42
0.073,Good,D,VS1,63.75,54.5,318,5.16,4.87,3.19
0.095,Premium,I,SI2,51.19,57.6,98,6.17,5.44,3.01
0.801,Premium,E,SI1,71.84,57.2,2560,6.85,6.91,4.96
0.136,Good,F,VVS2,69.77,57.7,127,5.16,5.03,3.58
0.121,Very Good,I,SI2,57.7,57.0,-98,5.73,6.07,3.33
0.438,Premium,H,SI2,64.84,56.2,814,5.32,6.32,3.78
0.778,Very Good,G,VS1,66.38,54.5,2741,6.35,7.15,4.35
1.092,Ideal,G,SI1,60.64,55.6,4471,8.0,7.34,4.68
0.143,Ideal,I,VVS1,65.84,56.4,100,5.28,4.85,3.35
1.462,Ideal,F,VS1,62.11,,8470,8.59,8.63,5.44
0.067,Very Good,I,SI2,60.79,55.3,-79,4.79,4.94,2.98
0.277,Ideal,E,VVS1,49.58,56.2,278,5.79,5.94,3.03
0.603,Very Good,I,SI1,49.6,55.5,1221,6.18,6.78,3.38
0.163,Very Good,I,SI1,67.17,56.2,242,5.44,5.43,3.61
0.324,Good,E,SI1,52.04,58.5,688,5.35,6.14,3.11
0.287,Good,G,SI2,64.7,58.7,641,5.64,5.79,3.67
0.082,Premium,E,VS2,52.39,60.3,127,6.01,4.86,2.88
0.391,Premium,H,SI2,58.34,53.7,903,5.81,5.9,3.35
0.229,Very Good,G,SI1,55.87,56.1,409,5.52,5.63,3.23
0.2,Premium,H,SI1,62.01,59.7,409,5.42,5.87,3.46
0.288,Very Good,E,VS1,54.71,53.2,733,5.79,5.81,3.15
0.93,Premium,F,VVS2,59.44,54.4,4137,7.51,7.1,4.31
0.8,Very Good,D,SI2,60.56,55.6,2555,7.1,7.39,4.29
0.031,Ideal,F,SI1,53.44,61.5,-89,5.19,5.23,2.78
0.698,Ideal,G,SI1,62.35,54.9,1787,6.67,7.36,4.58
0.158,Premium,I,SI2,52.42,59.4,257,5.44,5.43,2.82
1.204,Very Good,H,VS1,62.75,56.9,5042,7.92,7.6,4.84
0.167,Very Good,G,VS1,70.22,54.5,84,4.69,5.89,3.73
0.642,Ideal,J,SI2,51.31,63.2,1360,7.66,6.37,3.67
0.291,Very Good,H,SI1,58.54,57.4,472,6.02,5.85,3.5
0.541,Very Good,J,SI2,65.51,57.8,1132,5.96,6.43,3.95
0.301,Good,G,VS2,55.92,58.2,565,5.84,5.77,3.31
0.141,Premium,F,SI2,63.12,58.0,-6,4.81,5.28,3.29
0.206,Premium,D,IF,68.64,61.7,332,5.32,4.85,3.58
0.072,Ideal,H,VS1,65.49,60.9,164,4.59,4.78,3.07
0.835,Very Good,E,SI1,64.7,55.0,2752,7.07,7.54,4.58
0.684,Very Good,F,VS2,68.08,61.4,2160,6.08,6.88,4.24
0.496,Ideal,G,VVS2,55.56,55.5,1459,6.4,7.0,3.67
0.523,Ideal,G,VS2,66.5,57.7,1538,6.58,5.89,4.22
0.179,Very Good,H,SI2,58.61,53.8,180,5.12,5.44,3.15
0.458,Premium,E,SI1,64.08,59.3,1024,6.21,6.61,4.04
0.247,Very Good,F,VVS2,62.57,56.3,590,5.27,5.39,3.25
1.376,Ideal,H,VS1,59.27,54.5,6950,8.64,8.25,5.07
0.528,Good,J,VS1,64.45,59.6,1200,6.04,6.2,3.84
0.219,Ideal,H,VVS2,62.59,60.2,426,5.86,5.37,3.53
0.305,Premium,J,VVS2,52.22,60.2,580,5.04,5.98,2.83
0.388,Premium,I,VVS2,71.92,53.6,1057,5.57,5.26,3.82
0.288,Good,H,SI2,58.26,60.5,464,5.28,6.38,3.5
0.171,Premium,E,VS2,65.75,56.3,314,5.51,5.04,3.44
0.551,Very Good,H,VS1,68.99,61.5,1438,6.6,5.53,4.08
0.706,Very Good,H,VS1,62.08,58.4,2401,6.88,6.76,4.28
0.745,Premium,H,VS2,52.88,57.6,2533,6.66,6.71,3.62
0.645,Ideal,G,SI2,62.94,57.0,1834,5.49,6.54,3.75
0.174,Premium,G,VS1,63.01,57.0,362,5.45,5.56,3.46
0.647,Premium,F,VS1,59.42,55.5,2045,6.93,6.88,4.13
0.645,Good,G,SI2,51.17,54.7,1394,7.68,7.29,3.83
0.562,Very Good,E,VS2,65.26,56.2,1627,6.24,6.13,4.16
0.785,Good,I,SI2,60.61,59.6,1980,6.7,7.27,4.2
0.229,Premium,E,SI1,66.1,53.9,507,5.7,5.86,3.71
0.314,Ideal,E,I1,74.65,59.9,573,5.68,4.73,3.93
0.736,Premium,G,SI1,60.91,57.3,2499,7.35,6.51,4.29
0.382,Good,H,VS2,69.58,58.7,678,5.63,5.44,3.84
0.252,Very Good,G,VS2,61.62,58.8,538,5.53,5.81,3.3
0.503,Premium,F,VS1,64.7,59.0,1561,6.61,6.39,4.12
0.939,Very Good,G,VVS2,60.98,57.0,3706,7.47,7.49,4.57
0.236,Ideal,F,SI2,58.55,57.1,429,6.05,5.47,3.37
1.403,Ideal,J,SI2,,59.0,5480,8.33,8.43,4.84
0.217,Premium,J,VVS2,55.56,54.7,241,6.05,5.53,3.28
0.367,Very Good,G,SI2,61.04,,658,5.25,5.76,3.32
1.073,Very Good,F,VVS1,64.44,56.0,5131,7.03,7.99,4.94
0.409,Good,H,VVS2,68.44,57.6,945,6.53,5.59,4.08
0.779,Very Good,D,VS2,66.51,61.2,2423,6.95,6.63,4.54
0.114,Very Good,G,IF,73.46,57.1,-97,5.65,5.33,4.02
0.284,Premium,F,SI2,59.52,61.4,327,5.75,5.56,3.39
0.454,Premium,J,SI1,67.84,58.1,917,6.13,5.69,3.96
0.099,Good,D,VS2,56.57,56.0,-20,4.72,5.46,2.89
0.133,Very Good,G,SI1,64.78,59.5,229,5.32,5.1,3.24
0.666,Very Good,H,VVS1,55.76,56.5,2363,7.21,6.33,3.66
0.332,Very Good,G,SI2,63.38,57.6,710,5.85,5.76,3.77
0.28,Ideal,E,VS2,60.53,,628,5.97,5.34,3.41
0.294,Good,J,VS2,50.71,53.7,594,6.0,5.72,2.92
1.229,Very Good,G,VS1,60.22,58.2,5173,7.67,7.93,4.74
0.778,Very Good,H,SI1,69.88,59.4,2158,7.29,6.74,4.8
0.628,Ideal,F,SI1,66.42,61.3,1732,6.44,6.37,4.17
0.377,Premium,G,VVS2,63.94,55.2,1094,5.84,6.34,3.9
0.095,Very Good,G,SI2,58.37,60.2,364,6.08,5.39,3.28
0.407,Premium,D,VVS2,60.27,59.9,1134,6.26,5.33,3.66
0.316,Premium,E,VS2,62.98,55.9,333,5.53,6.14,3.58
0.079,Ideal,I,VS1,63.02,60.1,-72,5.22,5.4,3.29
1.288,Very Good,F,VS1,55.22,59.1,5853,8.23,8.4,4.7
0.749,Ideal,E,SI2,60.52,59.5,2171,7.55,7.23,4.45
0.582,Ideal,G,VS2,64.24,61.8,1538,6.47,6.46,4.31
0.072,Ideal,I,VVS2,53.91,59.4,96,6.06,5.43,3.15
0.879,Premium,D,SI1,63.55,52.3,3459,6.68,7.01,4.26
0.31,Premium,G,VVS1,56.26,,398,5.76,6.11,3.34
0.287,Very Good,E,VS2,72.35,53.6,443,5.41,5.8,4.06
0.541,Ideal,D,SI2,63.32,57.3,1478,6.15,5.8,3.78
0.455,Premium,D,SI1,63.59,57.2,1011,5.95,6.55,3.98
0.119,Premium,I,VVS1,63.95,55.7,181,5.01,5.25,3.22
0.338,Very Good,E,SI1,56.75,54.7,627,6.54,5.74,3.53
0.126,Premium,D,VVS2,56.04,55.8,114,5.88,5.14,3.06
0.135,Ideal,G,VVS2,54.94,56.3,58,5.5,5.19,3.01
0.557,Very Good,I,SI1,66.5,56.7,1279,6.2,6.48,4.16
0.41,Ideal,F,SI2,59.72,57.2,748,5.75,5.63,3.42
1.085,Premium,G,VS1,64.45,58.3,4392,8.01,7.09,4.87
0.183,Ideal,D,SI1,63.66,56.3,294,5.58,5.03,3.4
1.18,Very Good,G,VS1,63.51,59.8,4740,7.89,8.1,5.1
0.241,Very Good,G,VS2,56.54,56.9,112,5.82,5.54,3.28
0.272,Ideal,G,VS2,63.34,59.0,521,6.04,6.13,3.83
0.199,Very Good,F,VS1,62.26,56.3,275,5.44,5.47,3.36
0.506,Ideal,F,SI1,72.35,63.0,1220,5.95,6.6,4.64
0.675,Premium,E,VS2,57.04,58.0,2251,6.16,6.41,3.63
0.233,Premium,F,SI1,75.42,60.6,430,5.68,5.41,4.18
1.037,Very Good,E,SI1,56.82,55.5,3912,8.46,7.6,4.62
0.172,Premium,I,VS2,65.76,56.0,245,4.99,5.37,3.42
0.424,Very Good,J,VVS2,58.92,56.4,697,6.5,5.96,3.55
0.593,Good,J,SI1,55.83,62.4,1453,6.21,6.13,3.52
0.775,Very Good,I,VS2,60.06,56.5,2295,6.75,6.3,4.1
0.969,Fair,H,VS1,56.72,55.2,2851,7.79,7.67,4.44
0.345,Ideal,H,SI1,61.65,59.9,681,5.76,6.07,3.67
0.598,Ideal,F,SI1,66.86,57.1,1790,6.59,6.25,4.33
0.608,Very Good,H,VVS1,61.62,56.5,1882,6.61,6.67,4.07
0.203,Premium,G,VS1,63.75,55.7,587,5.24,5.44,3.47
0.349,Very Good,G,VS2,58.24,58.1,358,6.23,6.31,3.74
0.175,Premium,H,VS1,54.23,59.3,25,5.41,4.91,2.84
0.28,Ideal,F,I1,55.19,58.7,41,5.14,5.65,3.02
0.367,Ideal,F,VS2,58.73,55.9,862,5.56,5.83,3.2
0.587,Very Good,J,VS2,67.74,54.8,1455,5.22,6.53,3.87
0.278,Ideal,D,VS2,47.21,48.2,651,5.72,6.31,2.96
0.771,Very Good,G,SI1,54.21,54.9,2150,7.45,6.88,4.05
0.118,Ideal,J,SI2,54.72,56.2,164,4.88,5.59,2.87
0.292,Fair,H,SI2,65.58,56.9,301,5.96,5.67,3.68
0.256,Premium,G,VVS1,61.74,56.4,632,5.81,6.07,3.62
0.746,Premium,F,SI1,60.12,63.2,2525,6.56,7.17,4.13
0.32,Premium,F,VS2,49.29,58.1,501,6.41,5.67,3.01
0.273,Good,I,SI2,63.33,54.3,293,5.57,5.52,3.44
0.139,Ideal,G,I1,58.55,58.4,101,6.15,5.54,3.41
0.625,Very Good,G,VS1,72.18,57.9,1996,5.91,6.3,4.28
0.084,Premium,E,VS2,70.16,54.7,-43,5.1,5.29,3.75
0.642,Very Good,D,VS2,68.2,57.6,2145,6.54,6.46,4.4
0.37,Very Good,J,SI1,61.09,58.2,403,5.91,6.07,3.7
0.263,Premium,F,VS1,59.65,59.3,692,5.94,5.59,3.41
0.309,Very Good,H,SI2,53.19,53.1,573,7.13,5.5,3.34
0.32,Very Good,D,SI2,65.91,58.4,529,5.98,6.24,3.99
0.316,Very Good,H,VS2,63.11,60.1,680,5.8,5.89,3.62
0.05,Very Good,J,SI1,70.31,61.2,-50,4.69,5.1,3.36
0.787,Ideal,G,SI1,63.77,54.3,2468,6.21,7.14,4.1
0.155,Ideal,E,VS1,55.97,56.7,498,5.86,4.72,2.96
0.172,Good,H,VS1,55.8,56.9,129,5.21,6.27,3.24
0.331,Very Good,I,VVS2,53.76,58.5,754,6.87,5.84,3.51
0.681,Good,G,SI1,64.98,56.6,1875,7.05,5.92,4.18
0.486,Fair,I,SI2,56.37,55.4,878,6.35,6.69,3.61
0.178,Premium,H,SI1,61.14,57.5,312,5.6,5.14,3.37
0.995,Premium,I,IF,65.04,56.3,4733,7.65,7.9,4.95
0.346,Very Good,H,VS2,54.14,58.2,786,5.59,5.91,3.12
1.237,Very Good,E,VS1,56.67,55.2,5891,7.39,7.46,4.32
0.554,Fair,F,I1,66.97,54.8,844,6.16,6.49,4.3
0.57,Ideal,F,VS2,53.36,59.9,1514,6.42,6.5,3.52
0.218,Ideal,J,I1,57.47,62.0,274,5.29,6.01,3.31
0.078,Very Good,I,VS2,68.14,61.0,210,4.68,5.4,3.4
0.191,Very Good,H,VVS1,,,131,5.18,4.98,3.37
0.7,Ideal,F,VVS1,59.76,59.3,2880,7.16,7.15,4.13
0.466,Ideal,E,VS2,60.48,55.5,1369,6.46,6.0,3.82
0.135,Very Good,H,VS2,71.39,58.1,366,5.41,6.03,4.06
1.216,Good,G,VVS1,66.76,55.7,5373,8.27,7.9,5.46
0.426,Good,F,VS1,60.94,59.8,1082,5.61,5.98,3.53
0.477,Premium,H,SI2,68.64,59.5,910,5.87,5.86,4.13
0.606,Very Good,D,VS2,62.85,61.6,1705,6.64,6.32,4.16
0.235,Fair,F,SI1,66.87,56.5,155,5.19,5.28,3.45
0.941,Premium,G,VS2,53.94,60.5,3331,7.4,7.82,4.24
0.095,Fair,E,VS2,72.42,58.1,151,4.73,4.7,3.38
0.615,Ideal,J,VS2,60.88,57.2,1667,5.88,6.86,3.93
1.745,Very Good,F,SI1,55.57,57.7,8616,9.66,9.69,5.6
0.067,Good,E,SI2,49.52,60.7,-127,5.58,5.72,2.97
0.115,Premium,F,VS2,70.74,56.7,229,5.04,5.31,3.57
0.743,Very Good,I,VVS2,60.39,56.8,2442,6.25,6.45,3.98
0.078,Ideal,G,VS1,63.27,52.5,-153,4.31,5.13,2.99
0.58,Premium,G,SI1,60.94,56.7,1728,7.19,6.69,4.2
0.414,Very Good,D,VVS1,,57.6,1249,6.08,6.07,3.68
0.61,Premium,D,VVS2,60.8,55.3,2382,6.28,6.67,3.98
0.242,Very Good,G,SI2,,54.8,481,5.46,6.15,3.77
0.347,Ideal,I,I1,71.96,52.9,637,5.1,6.1,4.01
0.431,Very Good,I,VS1,,55.7,915,6.33,6.16,3.11
0.735,Premium,E,VVS2,60.84,60.1,3031,7.64,6.1,4.16
0.175,Good,G,VVS1,57.3,53.7,-22,5.12,5.12,2.94
0.271,Very Good,J,VVS2,54.64,58.7,518,6.63,5.52,3.39
0.28,Ideal,G,VS2,68.11,,785,5.65,4.91,3.52
0.885,Ideal,I,VS2,59.23,62.4,3041,7.88,6.77,4.32
0.098,Very Good,E,I1,53.74,59.3,203,5.37,5.14,2.94
1.084,Very Good,J,SI1,57.4,59.1,3746,7.83,7.67,4.4
0.625,Ideal,H,VS2,59.86,57.8,1963,7.3,6.76,4.26
0.552,Ideal,J,VS2,67.24,57.0,1585,6.69,6.3,4.39
0.181,Good,H,VS2,49.34,58.9,-24,5.6,5.55,2.75
0.64,Premium,F,VS1,63.7,59.7,1959,5.82,6.43,3.96
0.37,Very Good,J,SI1,70.9,57.4,838,5.32,5.94,3.87
0.448,Ideal,F,VS2,57.89,59.8,1314,6.3,6.3,3.76
1.14,Good,F,SI2,53.15,63.3,3734,8.44,8.44,4.48
0.342,Very Good,H,SI1,60.49,57.2,546,5.91,5.65,3.47
1.002,Ideal,I,VS1,63.3,,4186,7.27,7.56,4.69
0.317,Good,J,VS1,61.91,56.8,786,5.06,6.14,3.48
0.162,Premium,F,IF,66.68,57.3,265,5.09,4.83,3.33
0.131,Very Good,I,SI1,56.2,59.7,227,5.38,6.13,3.29
0.481,Very Good,H,VS2,57.43,57.2,1164,5.86,6.67,3.66
0.671,Very Good,D,SI1,72.24,57.4,1920,6.29,5.99,4.35
0.616,Premium,G,VS2,,56.5,1653,6.52,6.69,3.88
0.81,Very Good,F,VVS2,58.25,58.1,3246,7.6,6.8,4.01
0.566,Premium,F,VS1,72.15,55.9,1810,6.69,6.26,4.62
0.12,Ideal,J,VVS2,56.89,54.3,41,5.41,5.44,3.26
0.481,Ideal,H,SI2,48.19,58.0,993,6.28,6.62,3.04
0.244,Very Good,H,VVS2,68.2,61.4,265,5.83,5.42,3.84
0.424,Very Good,J,SI2,67.41,56.4,853,6.02,5.88,4.11
0.31,Very Good,F,VVS2,65.75,54.7,611,5.61,5.92,3.7
0.277,Very Good,I,SI1,61.61,61.2,369,5.99,5.92,3.7
0.325,Very Good,G,SI1,75.57,57.1,677,5.72,5.41,4.24
1.072,Premium,I,VS2,57.23,59.1,3762,7.2,8.37,4.42
0.052,Good,E,VVS1,62.24,55.4,34,5.71,4.87,3.22
0.139,Good,J,SI2,75.64,57.0,109,4.6,5.73,3.9
0.154,Very Good,F,SI1,69.08,60.1,132,5.99,5.57,3.99
0.305,Premium,F,VVS2,56.76,57.3,600,5.97,6.01,3.45
0.588,Very Good,H,SI1,75.99,57.3,1287,6.08,6.22,4.59
0.29,Premium,G,SI2,70.34,53.7,486,5.73,5.04,3.78
0.639,Very Good,H,SI1,69.01,58.7,1440,6.43,6.59,4.51
0.776,Ideal,G,SI1,62.86,55.3,2573,7.26,6.93,4.49
0.082,Ideal,H,VVS2,65.26,59.5,0,5.52,4.82,3.31
0.753,Very Good,F,VS1,67.98,57.4,2448,7.07,7.25,4.89
0.654,Very Good,D,VS2,59.14,57.6,2070,6.93,6.61,3.92
0.851,Very Good,F,IF,70.76,58.7,3616,7.08,6.8,4.95
0.365,Very Good,G,VS2,67.74,57.8,888,6.62,6.15,4.27
0.453,Premium,E,SI2,64.71,60.8,975,6.62,6.38,4.19
0.661,Ideal,F,SI1,62.3,60.4,2227,6.46,6.37,4.07
0.429,Premium,G,SI1,58.8,54.3,813,6.4,6.57,3.82
0.091,Ideal,D,SI2,46.34,56.6,-33,5.52,6.12,2.85
0.162,Very Good,H,VVS1,61.62,58.8,-22,5.3,4.97,3.21
0.369,Very Good,I,VS1,64.09,54.9,655,5.79,5.85,3.84
1.055,Premium,E,SI1,55.89,53.6,4269,8.12,7.77,4.25
0.547,Very Good,H,VS2,54.28,55.3,1318,6.36,7.28,3.83
0.209,Premium,H,VS1,76.77,56.7,431,5.63,5.23,4.0
0.225,Very Good,G,VVS1,60.56,48.1,486,6.12,5.19,3.39
0.233,Good,H,VVS2,63.11,54.5,535,6.6,5.2,3.76
0.314,Ideal,G,VS2,64.14,53.1,498,5.57,6.27,3.74
0.333,Very Good,G,VS1,61.41,59.5,655,5.74,5.55,3.51
0.317,Ideal,D,VS2,60.95,59.0,586,5.82,5.45,3.53
0.323,Ideal,H,VS2,61.88,57.6,709,5.85,5.9,3.63
0.094,Ideal,H,SI2,49.77,57.2,347,5.39,5.36,2.63
0.095,Premium,D,SI2,67.45,58.2,-94,5.04,5.67,3.53
0.257,Premium,F,VS2,64.37,54.8,555,5.14,5.68,3.45
0.139,Ideal,J,SI1,61.97,59.8,307,6.05,5.45,3.6
0.321,Very Good,G,I1,64.32,57.2,264,6.05,5.76,3.7
0.642,Premium,G,VS1,65.45,59.0,2074,6.44,6.08,4.01
0.831,Premium,J,I1,62.22,58.9,1756,7.25,7.0,4.41
0.639,Very Good,H,VS2,60.52,58.2,1657,7.33,6.62,4.12
0.385,Very Good,H,VS2,74.71,57.7,686,5.65,5.78,4.12
0.567,Very Good,I,VVS1,63.95,57.5,1603,6.5,5.79,3.97
0.375,Premium,I,VS2,67.98,56.9,921,5.38,5.48,3.75
0.333,Ideal,G,SI2,54.78,58.1,577,5.79,5.82,3.22
0.574,Very Good,G,VS2,56.94,57.5,1350,6.68,6.81,3.95
0.3,Ideal,G,VVS2,68.8,,685,5.3,6.42,3.99
0.094,Premium,J,IF,63.38,58.3,-215,5.16,5.16,3.37
0.29,Ideal,H,SI1,,57.6,395,6.04,5.44,3.21
0.079,Premium,E,SI1,55.11,59.7,255,5.43,5.05,2.93
0.278,Ideal,I,VVS2,64.24,53.0,545,5.23,5.28,3.29
0.489,Fair,G,SI2,60.91,57.1,733,6.37,6.54,4.13
0.455,Ideal,D,VS2,60.21,,1339,6.36,6.99,4.05
0.386,Good,G,SI1,43.58,55.9,799,6.01,5.69,2.64
0.335,Ideal,G,SI2,63.19,58.2,794,6.27,5.36,3.58
0.465,Ideal,I,SI1,63.45,53.8,999,5.93,6.57,3.84
0.571,Very Good,F,SI1,53.05,57.3,1360,6.59,6.55,3.67
0.28,Very Good,I,VS1,62.52,57.1,435,5.23,5.83,3.4
0.138,Ideal,G,VVS1,70.76,54.7,361,4.7,5.98,3.71
0.477,Very Good,D,SI1,65.25,57.3,1178,6.5,5.65,3.94
0.159,Ideal,J,VVS2,62.95,55.3,550,5.41,4.84,3.19
0.183,Good,G,SI2,62.91,61.8,163,5.27,5.39,3.32
0.69,Good,F,VS2,63.42,59.6,2193,6.3,6.75,4.07
0.467,Ideal,G,SI2,60.78,57.1,878,6.5,6.03,3.89
0.945,Premium,I,VVS1,55.58,56.1,3793,6.76,8.35,4.09
0.761,Ideal,F,VS1,57.64,58.1,2933,7.3,6.78,4.04
0.387,Very Good,E,VS1,67.24,58.7,1081,6.15,5.75,3.99
0.701,Premium,E,VVS2,64.37,57.6,2637,6.17,6.8,4.13
0.151,Premium,F,VS1,53.3,54.8,116,5.43,5.77,3.07
0.339,Premium,I,VVS1,52.19,56.5,930,6.91,5.56,3.37
0.397,Premium,G,VS1,62.92,57.2,1037,6.47,5.93,3.91
0.303,Premium,F,VVS1,60.52,57.6,598,5.43,6.16,3.4
0.672,Very Good,E,VS2,59.13,57.7,1911,6.97,7.1,4.26
0.487,Very Good,F,SI2,61.13,58.6,1112,5.65,6.3,3.64
0.477,Ideal,J,VS2,53.51,60.0,888,5.64,7.16,3.48
1.024,Very Good,F,SI2,58.3,59.2,3406,7.53,8.35,4.71
0.388,Premium,J,VS2,63.53,58.3,868,6.19,5.41,3.65
0.791,Very Good,G,VS2,66.94,54.2,2063,7.3,6.3,4.49
0.807,Premium,E,VS2,61.41,59.6,2953,7.35,7.34,4.58
0.616,Premium,I,I1,58.35,58.8,861,6.74,7.09,3.92
0.998,Very Good,G,SI2,66.43,56.4,2785,6.85,7.41,4.7
0.43,Good,H,VS2,60.62,57.1,769,6.05,5.87,3.63
0.492,Very Good,J,VVS1,64.79,57.1,1073,6.62,5.9,4.03
0.234,Premium,D,SI1,67.15,56.0,737,5.76,5.12,3.52
0.285,Ideal,E,SI1,56.76,53.2,694,5.79,6.17,3.34
0.472,Good,H,VS1,57.51,54.5,1264,6.31,6.03,3.6
0.306,Premium,F,VS2,61.78,55.0,576,5.89,5.89,3.64
0.536,Very Good,E,SI1,76.32,52.7,1353,5.55,5.61,4.25
0.399,Premium,D,SI1,62.54,54.6,1187,6.46,6.4,3.97
0.807,Ideal,D,SI2,56.97,59.5,2857,6.97,7.25,4.03
0.376,Very Good,I,VVS1,60.97,58.1,940,6.22,5.4,3.41
0.754,Premium,E,SI2,61.81,54.9,2113,5.96,6.99,4.02
0.103,Fair,G,SI1,53.02,55.5,-63,5.92,5.26,3.08
0.215,Good,H,I1,55.48,59.7,234,5.07,5.36,2.88
0.475,Very Good,G,SI1,65.7,59.6,1066,7.2,5.03,4.05
0.279,Fair,D,VS1,54.62,57.2,330,6.55,5.43,3.38
0.384,Premium,I,SI2,65.36,59.6,714,5.43,6.08,3.81
0.36,Very Good,D,SI2,59.18,55.3,484,6.23,5.68,3.55
0.354,Premium,I,VS2,65.55,57.5,684,5.48,5.8,3.62
0.104,Very Good,I,I1,54.39,53.8,-153,5.0,5.86,3.05
0.435,Very Good,G,SI2,63.28,56.2,985,5.84,6.06,3.74
1.104,Premium,G,VVS2,63.1,57.1,5046,7.94,6.92,4.49
0.41,Ideal,G,VS1,61.11,53.3,940,6.15,5.95,3.71
0.407,Good,G,VVS2,71.31,58.3,736,5.54,6.06,4.15
1.17,Ideal,I,VVS2,64.73,58.7,5467,8.1,7.59,5.01
1.693,Premium,I,VS1,61.98,59.2,9071,9.15,9.53,5.73
0.186,Premium,F,SI2,63.66,62.1,379,4.74,4.88,2.98
1.231,Premium,H,VS1,64.12,57.9,5715,7.9,8.02,5.12
0.363,Good,J,VVS2,65.43,56.9,905,6.57,5.32,3.84
0.147,Good,J,VS1,65.87,53.5,416,5.21,5.25,3.4
0.671,Premium,G,VS2,64.25,57.9,2140,5.94,6.96,4.17
0.131,Very Good,G,SI1,59.44,58.2,53,5.65,5.26,3.25
0.34,Ideal,F,VVS2,67.6,54.0,890,5.48,5.76,3.8
0.31,Very Good,J,VS1,66.84,56.5,195,5.86,5.79,3.98
0.414,Very Good,E,IF,62.99,57.0,1316,5.97,6.07,3.82
0.126,Premium,G,SI2,53.47,58.2,139,6.02,5.59,3.0
0.102,Very Good,F,SI1,56.84,58.9,330,5.19,5.53,2.98
0.665,Premium,F,SI2,63.64,55.8,1645,6.2,7.23,4.32
0.847,Premium,G,VS1,57.81,57.4,3207,6.93,7.18,4.08
0.887,Ideal,J,SI2,68.79,58.3,2448,6.73,6.55,4.49
0.091,Ideal,D,SI2,58.98,56.6,68,5.14,5.57,3.13
0.235,Premium,G,IF,51.32,56.1,239,6.3,6.13,3.13
1.526,Premium,E,I1,59.67,58.6,5927,9.31,9.8,5.64
0.194,Ideal,E,VVS2,58.46,56.6,527,6.3,6.07,3.6
0.089,Very Good,G,SI1,54.02,54.4,-2,5.41,5.03,2.83
0.267,Fair,G,VVS2,62.09,60.0,453,5.72,5.74,3.64
0.05,Very Good,F,VS2,68.11,54.6,36,4.73,5.02,3.28
0.076,Very Good,F,VVS2,66.92,56.8,-23,5.3,5.03,3.47
0.251,Premium,E,VVS1,61.28,57.7,574,5.58,5.58,3.53
0.259,Premium,F,I1,64.03,58.0,254,5.96,6.16,3.92
0.071,Premium,J,SI2,69.42,57.4,190,4.73,4.54,3.17
0.881,Fair,J,SI1,59.61,50.5,2091,7.22,6.8,4.34
0.285,Premium,F,VS1,56.21,55.5,934,5.08,6.2,3.24
0.301,Very Good,G,VVS2,53.68,57.7,578,5.89,6.33,3.27
0.286,Premium,J,VS2,57.98,56.8,486,5.99,5.45,3.22
0.385,Premium,D,VS2,63.9,58.1,1023,5.31,6.62,3.74
1.203,Very Good,I,SI2,62.55,59.2,3924,7.47,8.4,4.82
0.581,Very Good,J,VVS2,66.54,58.1,1565,5.93,6.35,4.07
0.408,Good,E,VVS1,60.66,55.4,1139,5.95,5.05,3.35
0.157,Ideal,E,SI1,65.45,55.8,245,4.83,4.73,3.08
0.202,Ideal,J,VS2,54.5,60.6,170,6.06,5.24,3.14
0.296,Premium,G,SI2,68.95,56.6,301,5.91,6.04,4.19
0.281,Good,D,VS2,56.69,56.8,607,5.94,6.01,3.47
0.566,Very Good,F,VS2,66.75,58.1,1706,5.78,6.23,3.93
0.08,Premium,G,SI2,58.09,59.7,-188,5.72,5.11,3.2
0.7,Ideal,H,VS2,68.4,55.0,2014,7.01,6.74,4.62
0.327,Good,H,SI1,55.37,55.9,301,5.54,5.73,3.11
0.131,Fair,J,VS2,66.27,53.5,222,4.71,5.39,3.28
0.414,Premium,F,VS2,52.42,56.3,1097,6.0,6.02,3.23
0.325,Very Good,G,I1,52.55,58.2,259,5.63,5.14,2.87
0.215,Very Good,G,VS1,59.69,56.2,654,5.37,5.45,3.2
0.275,Fair,G,VS1,65.13,60.9,349,5.41,5.68,3.64
0.769,Premium,E,SI1,52.2,57.3,2810,7.21,7.32,4.01
1.159,Ideal,J,SI2,67.15,56.8,4107,6.86,7.56,4.96
0.42,Ideal,I,VS1,57.64,56.2,887,6.62,6.13,3.76
0.723,Premium,G,VVS1,56.9,54.0,2682,7.21,7.03,4.14
0.627,Premium,H,SI1,67.99,56.8,1537,6.65,6.51,4.42
0.767,Good,F,SI1,62.64,57.8,1968,6.86,6.22,4.07
0.359,Premium,G,SI2,59.58,56.7,586,6.33,6.3,3.75
0.66,Very Good,H,VS2,54.69,57.5,1584,6.63,6.95,3.55
0.525,Premium,G,SI2,63.63,55.5,1120,6.2,6.4,3.92
0.217,Very Good,J,SI1,,54.3,555,6.0,5.56,3.35
0.664,Very Good,H,VS1,53.82,56.8,2028,7.5,5.95,3.74
0.241,Good,F,VS2,64.46,57.5,275,5.21,5.91,3.58
1.079,Very Good,I,SI1,56.05,56.6,3472,7.87,8.29,4.5
0.208,Good,E,SI1,76.86,57.4,222,5.09,5.07,3.93
0.265,Very Good,G,VS2,47.98,58.7,729,5.86,6.2,2.77
0.198,Ideal,F,I1,62.42,58.7,58,5.18,5.95,3.47
1.158,Very Good,G,SI2,59.84,58.9,3762,8.38,7.44,4.85
1.072,Premium,I,VVS2,59.75,59.2,4685,7.64,7.52,4.62
0.418,Ideal,G,SI2,64.56,58.1,1030,6.06,5.49,3.57
0.24,Ideal,I,VS1,58.38,57.8,371,6.25,5.57,3.48
0.484,Premium,G,VVS1,64.77,61.3,1300,5.92,6.39,4.14
0.207,Ideal,F,SI1,53.27,58.7,366,5.79,4.99,2.91
0.299,Very Good,I,SI1,55.93,55.1,655,5.49,5.9,3.31
0.596,Very Good,F,VS2,54.75,52.9,1565,6.97,6.75,3.68
0.302,Very Good,F,VVS2,49.22,,496,6.47,6.02,3.22
0.409,Premium,G,VVS1,61.35,58.4,1120,5.92,6.2,3.82
0.608,Premium,F,VS1,71.81,59.1,1690,5.64,6.03,4.19
0.617,Very Good,D,SI2,,,1547,6.27,6.49,4.35
0.271,Very Good,H,VS1,59.1,58.6,635,6.65,5.82,3.69
0.232,Premium,G,SI1,61.97,59.5,478,5.34,6.16,3.65
0.616,Good,G,VS2,52.43,58.3,1510,7.25,6.54,3.6
0.376,Premium,J,SI2,69.04,57.9,867,5.7,6.11,4.11
0.673,Premium,G,SI2,64.94,56.7,1992,6.43,6.31,4.05
0.229,Premium,I,VS1,69.27,56.0,466,5.88,5.11,3.75
0.294,Ideal,E,VS2,55.15,58.7,404,6.0,5.22,3.13
0.704,Ideal,G,SI1,60.54,58.3,1899,7.1,6.59,4.08
0.279,Premium,I,SI1,62.52,56.3,650,5.7,6.52,3.8
0.003,Premium,H,VVS2,62.2,62.6,37,5.42,4.85,3.11
0.665,Premium,H,VS1,56.73,53.7,2328,7.05,6.81,3.87
0.509,Very Good,F,SI1,65.06,56.5,984,6.73,6.5,4.26
0.279,Fair,E,SI2,60.79,55.3,337,5.45,5.26,3.17
1.171,Very Good,G,SI1,60.3,57.8,4435,8.34,7.75,4.85
0.164,Very Good,G,VVS1,64.27,52.7,127,5.2,5.66,3.54
0.417,Premium,I,VS2,71.61,59.8,1038,5.98,6.21,4.35
0.371,Ideal,F,VS2,63.63,59.2,846,5.86,5.13,3.52
0.083,Very Good,J,VS2,61.93,57.6,64,4.81,5.45,3.14
0.33,Good,J,SI1,64.57,56.3,316,5.13,5.6,3.46
0.863,Ideal,F,VVS2,61.72,58.6,3877,7.65,6.95,4.47
0.34,Good,F,VS2,64.01,57.7,950,5.57,6.01,3.79
0.322,Premium,I,SI2,65.18,59.1,556,5.7,6.41,3.91
0.934,Premium,J,SI2,64.66,56.7,2531,7.04,7.25,4.73
0.133,Premium,G,VS2,58.27,56.6,359,5.23,5.8,3.15
0.794,Good,F,VVS1,70.0,59.4,2831,6.78,6.41,4.54
0.066,Good,G,SI1,59.68,58.4,299,5.68,5.22,3.23
0.795,Good,H,VVS2,67.24,56.6,2405,6.75,6.77,4.52
0.126,Premium,F,VS1,61.5,57.8,197,6.0,5.43,3.53
0.209,Premium,H,SI1,67.82,57.4,516,5.98,5.4,3.9
0.138,Very Good,D,I1,64.17,58.0,-12,5.16,4.81,3.2
0.655,Premium,D,SI2,62.46,,1890,6.77,6.28,3.92
0.416,Ideal,G,VS1,66.66,56.2,1242,6.25,5.38,3.86
0.688,Good,F,SI2,66.11,55.6,1293,7.06,6.2,4.49
0.459,Premium,F,SI1,57.2,57.6,1224,6.52,6.34,3.81
0.295,Premium,G,VS2,66.75,55.8,523,5.81,5.64,3.92
0.614,Very Good,F,VS1,65.74,55.0,2035,6.15,6.63,4.23
0.484,Very Good,E,SI2,57.75,59.2,901,6.47,6.94,3.77
0.449,Premium,F,SI1,64.27,56.4,839,6.03,6.0,3.94
0.283,Ideal,J,VS2,65.97,52.9,410,4.59,5.96,3.39
0.402,Ideal,G,VS2,62.12,58.9,852,6.16,6.02,3.77
0.329,Premium,G,VVS2,53.07,56.0,703,5.53,6.93,3.27
0.306,Premium,G,SI2,70.37,58.3,413,5.58,4.56,3.54
0.445,Very Good,J,VVS2,68.88,59.4,713,6.11,5.83,4.07
1.616,Premium,F,VS1,64.4,57.4,9224,8.42,9.3,5.75
0.23,Premium,H,VS2,63.8,52.5,388,5.63,5.27,3.63
1.168,Very Good,H,VS1,61.28,52.7,4720,7.79,8.15,4.94
0.64,Premium,H,SI1,63.0,55.5,1766,6.25,6.58,4.11
0.344,Premium,E,SI2,53.97,56.9,654,5.88,6.21,3.24
0.157,Very Good,H,VS1,67.96,59.6,-16,4.72,4.94,3.27
0.106,Ideal,D,VS2,61.95,57.6,83,5.3,5.33,3.31
0.278,Fair,H,VS2,56.19,62.8,393,5.88,5.88,3.18
0.393,Very Good,H,SI1,51.29,53.7,696,6.1,6.04,3.16
0.844,Good,F,VVS2,61.71,57.3,2837,7.43,7.17,4.7
0.763,Ideal,I,VS2,57.87,56.0,2664,7.37,7.39,4.26
0.331,Premium,D,SI2,68.28,57.5,484,5.79,5.16,3.66
0.278,Very Good,I,VS2,62.35,60.9,242,6.13,5.74,3.68
0.332,Premium,G,VS1,58.76,61.0,706,5.8,5.35,3.3
0.41,Very Good,F,VS1,59.73,57.1,906,5.75,6.33,3.59
0.224,Ideal,E,VS2,75.46,58.9,494,5.4,5.22,3.89
0.454,Premium,J,VVS2,62.69,57.5,1261,6.24,5.15,3.63
0.427,Very Good,D,SI1,56.87,54.6,1088,6.5,6.38,3.66
0.434,Ideal,E,SI1,59.63,57.0,1106,6.09,5.98,3.55
1.024,Very Good,F,VVS2,59.14,55.9,4473,7.29,7.7,4.41
0.96,Good,H,VVS2,60.77,56.9,3276,7.98,7.97,4.87
0.557,Premium,G,VS1,51.11,55.1,1765,5.82,6.54,3.19
0.516,Ideal,E,VVS2,60.08,57.3,1706,6.02,6.36,3.74
1.522,Very Good,F,SI2,61.36,57.7,6413,9.16,8.79,5.45
0.015,Good,F,VVS2,70.92,58.5,174,5.74,4.58,3.63
0.781,Very Good,F,SI1,58.62,57.7,2321,7.14,6.87,3.93
1.765,Premium,G,SI2,52.54,60.6,7978,9.51,10.2,5.36
0.319,Very Good,H,SI1,60.71,61.8,701,5.68,5.65,3.32
0.514,Premium,F,SI1,63.91,56.1,961,6.5,6.22,4.08
0.394,Ideal,F,SI1,59.43,59.1,881,6.04,6.49,3.73
0.492,Premium,G,SI1,60.13,61.7,1410,5.93,5.61,3.41
0.812,Very Good,J,SI2,62.33,59.2,2088,6.91,7.28,4.35
1.105,Very Good,J,SI1,73.14,58.6,3463,7.42,7.13,5.22
0.342,Good,I,VS2,63.82,53.0,615,5.86,6.01,3.69
0.729,Ideal,F,VS2,61.85,55.8,2402,6.89,6.81,4.24
0.792,Very Good,D,SI1,60.39,,2582,7.63,7.22,4.36
0.326,Very Good,F,VS1,66.76,60.1,711,5.58,5.41,3.71
0.526,Premium,F,VVS2,56.52,55.4,1709,6.24,6.1,3.51
0.564,Very Good,G,VS1,56.88,56.8,1621,6.91,6.68,3.88
0.09,Premium,I,SI1,57.34,58.8,257,5.95,5.02,3.18
0.602,Good,I,VS1,57.26,55.3,1336,6.69,6.81,3.86
0.063,Ideal,I,SI2,67.1,57.6,43,5.06,5.24,3.4
0.688,Ideal,F,SI2,61.07,57.3,1847,6.53,6.54,3.94
0.518,Premium,H,SI1,63.54,58.9,1169,5.56,6.17,3.77
0.817,Ideal,F,VVS2,56.79,58.4,3404,6.67,7.04,3.95
0.014,Very Good,D,SI1,63.38,58.4,79,5.08,4.95,3.23
0.837,Premium,H,SI2,64.55,57.4,2527,7.02,7.38,4.64
0.783,Premium,D,SI2,57.59,53.3,2664,7.21,6.81,4.17
1.181,Premium,G,VVS2,64.49,57.3,5507,7.87,7.72,5.11
0.098,Very Good,F,VS2,60.06,57.1,71,4.95,5.61,3.2
0.645,Very Good,H,SI1,51.46,58.7,1446,6.75,6.44,3.31
0.061,Good,I,VS2,57.19,56.1,-139,6.15,4.94,3.18
0.623,Very Good,F,VS2,67.6,57.1,1624,6.43,5.56,3.98
0.876,Very Good,I,VS1,63.56,57.2,2957,7.25,6.77,4.44
0.22,Premium,F,SI1,62.67,55.4,412,5.89,5.21,3.51
0.337,Very Good,G,VVS2,59.98,54.5,804,5.61,5.63,3.4
0.419,Good,H,SI1,66.3,57.8,858,6.56,5.76,4.17
0.103,Premium,H,VS1,65.72,59.2,-22,4.63,5.65,3.23
0.593,Premium,J,I1,64.26,55.6,1232,6.32,6.17,3.93
0.066,Ideal,F,SI1,69.68,56.5,172,5.04,4.88,3.42
0.349,Premium,H,SI1,59.65,58.8,591,5.93,5.93,3.63
1.205,Very Good,H,VS2,76.27,59.0,4566,7.22,7.57,5.68
0.474,Ideal,J,SI2,54.22,57.5,855,6.73,6.81,3.75
0.133,Premium,E,VS1,61.32,57.9,-16,5.5,5.65,3.41
0.173,Good,H,SI2,56.58,58.2,267,5.88,4.97,3.13
0.086,Premium,G,VS1,60.0,58.6,204,5.86,5.62,3.49
0.627,Ideal,F,VVS2,60.88,54.6,2164,6.27,7.06,4.13
0.137,Very Good,G,VS2,69.05,61.2,-39,4.34,4.89,3.2
0.736,Very Good,F,VS1,57.73,57.6,2290,7.3,6.37,3.94
0.466,Very Good,G,VS1,56.72,58.6,1131,6.05,5.92,3.41
0.061,Very Good,I,SI1,73.31,55.3,-171,4.7,4.59,3.32
0.066,Very Good,G,VVS2,55.22,56.6,221,5.4,4.85,2.78
0.192,Premium,H,SI1,63.18,57.8,411,6.47,5.32,3.78
0.361,Good,G,VS2,54.91,53.0,715,5.86,6.1,3.26
0.911,Ideal,D,VS1,58.08,55.0,4428,7.66,7.31,4.41
0.57,Ideal,F,SI1,59.04,55.4,1642,6.03,6.37,3.69
0.657,Premium,G,SI1,66.6,54.2,1903,5.97,6.45,4.1
0.327,Ideal,F,VS2,63.57,57.2,512,6.18,5.29,3.6
0.087,Good,E,VVS2,61.0,56.8,293,5.44,5.45,3.36
0.611,Premium,G,VVS1,53.03,60.1,2024,6.34,6.76,3.56
0.439,Premium,F,VS2,56.0,54.5,1044,6.78,5.85,3.53
0.264,Ideal,F,VS1,75.05,57.5,915,4.95,5.22,3.79
0.428,Ideal,G,VVS2,63.46,55.1,1158,5.58,6.69,3.94
0.231,Very Good,E,SI2,49.89,53.2,425,5.36,5.68,2.7
0.235,Ideal,J,SI1,64.57,58.3,424,5.44,5.75,3.57
0.547,Good,I,VS1,52.74,58.5,1099,6.95,6.54,3.61
0.59,Ideal,H,VVS2,62.41,58.2,1800,6.49,5.99,3.81
0.087,Ideal,E,VVS2,59.06,54.1,408,5.14,5.82,3.16
0.343,Very Good,I,SI1,76.33,57.2,657,5.35,5.7,4.08
0.285,Premium,I,SI2,54.72,58.3,407,6.15,6.04,3.21
1.065,Good,I,SI1,54.29,59.1,3239,7.21,8.25,4.28
0.713,Very Good,E,SI1,66.81,58.4,2177,6.27,6.82,4.3
0.66,Premium,H,SI1,,59.1,1872,6.49,6.18,4.08
0.255,Premium,I,VS1,73.86,59.3,470,5.7,4.64,3.84
0.161,Ideal,G,SI2,62.26,57.2,344,5.11,5.39,3.24
0.218,Premium,H,VVS2,63.77,58.1,242,5.83,5.65,3.79
0.868,Premium,G,SI1,60.71,59.2,2713,7.06,6.94,4.41
0.147,Ideal,G,VS2,60.03,57.9,344,5.79,5.42,3.48
1.345,Ideal,D,SI2,66.0,59.6,6639,8.56,8.53,5.6
0.449,Fair,H,SI1,56.21,58.9,896,6.84,6.52,3.72
1.285,Ideal,E,SI2,65.76,55.6,5816,8.04,8.12,5.34
0.88,Good,G,VVS1,59.67,54.1,3295,7.54,7.18,4.24
0.064,Ideal,F,VVS2,69.53,57.0,100,4.45,5.09,3.26
0.234,Very Good,G,VS2,47.03,54.4,381,6.74,5.6,3.02
0.548,Very Good,E,SI1,58.47,57.2,1389,6.69,6.16,3.77
0.263,Very Good,H,VVS1,56.74,57.0,706,5.54,5.45,3.18
0.633,Premium,I,SI1,69.13,59.9,1809,6.48,6.4,4.42
1.719,Very Good,E,SI2,66.77,58.1,7726,9.2,9.36,6.2
1.187,Good,E,VS2,57.36,59.2,4565,8.7,7.63,4.77
0.261,Premium,E,VVS1,58.83,55.9,582,6.01,5.47,3.26
1.412,Ideal,I,I1,54.84,60.4,4475,8.35,9.25,4.82
0.295,Very Good,G,SI1,63.35,59.0,475,5.24,6.1,3.62
0.384,Very Good,G,VVS1,57.93,57.9,762,6.44,5.58,3.5
0.578,Very Good,E,SI2,57.95,53.0,1550,6.78,6.79,3.8
0.455,Good,H,SI2,67.76,59.6,888,6.42,6.39,4.27
1.147,Ideal,I,VS2,60.21,60.9,4861,7.83,7.83,4.73
1.34,Ideal,I,VVS2,63.72,57.0,7184,8.23,8.07,5.29
0.636,Premium,H,VS2,59.2,57.1,1854,7.26,6.26,4.07
0.12,Very Good,D,IF,49.77,55.9,258,6.01,5.39,2.87
1.163,Ideal,E,VS1,55.15,53.4,6304,8.16,7.57,4.29
1.187,Premium,D,SI2,60.9,55.8,4841,8.36,8.41,5.03
0.437,Ideal,F,IF,65.69,60.7,1552,6.19,6.64,4.27
0.09,Premium,E,SI1,68.3,59.4,-74,4.68,5.21,3.33
0.086,Ideal,F,SI1,64.11,55.3,91,4.82,5.67,3.42
0.157,Premium,G,VS2,54.5,55.7,534,5.85,5.23,3.06
0.408,Very Good,J,SI1,63.84,61.7,851,6.53,5.73,4.02
1.127,Ideal,H,SI2,59.92,54.8,4047,8.24,8.26,5.09
0.828,Premium,I,I1,54.3,55.4,1898,7.21,7.7,4.13
0.919,Premium,H,VS2,58.67,56.1,3233,7.73,8.08,4.64
0.637,Very Good,E,VVS2,51.89,54.0,2186,6.57,6.73,3.53
0.514,Premium,H,VS2,63.96,55.8,1217,6.53,6.63,4.09
0.504,Premium,F,IF,57.48,55.9,1798,6.18,6.38,3.68
0.178,Very Good,H,SI1,54.62,55.0,285,5.02,6.01,3.0
0.189,Good,F,SI1,,59.9,232,5.82,5.65,3.5
0.357,Premium,J,SI2,49.28,54.4,590,6.4,6.21,3.1
0.314,Ideal,F,SI2,60.22,56.7,614,6.77,5.33,3.67
0.505,Premium,F,SI1,56.32,55.1,1185,6.37,6.17,3.52
0.98,Very Good,J,VS1,55.64,56.5,3440,7.03,7.78,4.17
0.189,Premium,D,VVS2,60.06,55.0,465,5.34,5.76,3.4
0.347,Good,H,VVS1,60.04,57.2,951,5.81,6.23,3.57
0.776,Very Good,H,SI1,66.49,57.7,2219,7.0,6.99,4.7
0.761,Very Good,I,VVS2,57.35,60.1,2387,7.09,6.64,3.86
0.556,Very Good,J,SI1,68.35,55.7,1180,6.54,6.37,4.35
0.543,Very Good,J,SI2,54.91,60.6,859,6.67,6.38,3.57
0.436,Very Good,D,VVS2,66.38,55.2,1336,6.17,6.19,4.03
0.479,Good,I,VS2,73.99,56.5,664,5.31,5.81,4.15
1.424,Very Good,H,SI2,63.28,60.9,5286,8.65,8.45,5.33
0.144,Premium,H,SI1,58.45,63.4,330,5.39,5.32,3.08
0.411,Premium,E,SI1,56.93,60.7,513,6.25,5.13,3.26
0.212,Very Good,H,VS1,49.8,56.5,501,5.39,5.86,2.83
0.716,Ideal,J,VS2,69.24,58.1,2324,6.88,6.86,4.73
0.464,Very Good,J,IF,61.02,58.5,1182,6.38,6.27,3.71
0.321,Premium,G,SI2,57.04,57.8,343,5.74,5.6,3.25
0.391,Good,D,SI1,53.07,54.8,683,6.25,6.21,3.34
0.733,Good,F,VS2,,57.5,2010,6.86,6.5,4.25
0.364,Premium,I,VS2,60.89,55.9,910,5.97,5.64,3.53
0.662,Premium,H,SI1,57.81,54.9,1752,5.49,6.91,3.52
0.361,Ideal,G,VS1,69.65,56.3,987,5.44,6.05,3.9
1.171,Premium,D,VVS2,64.33,57.7,6417,7.47,7.42,4.96
1.155,Ideal,G,VVS1,65.21,59.2,6192,7.97,8.52,5.38
0.319,Good,G,VVS2,66.16,56.4,379,6.31,5.49,3.92
0.408,Good,J,VVS2,45.41,56.8,666,5.97,5.97,2.78
0.187,Good,H,VS2,61.3,58.8,417,5.81,6.17,3.81
0.833,Very Good,F,VVS2,67.35,57.2,3132,7.34,6.26,4.71
0.825,Premium,G,SI1,61.16,57.8,2685,7.12,6.38,4.12
0.404,Premium,D,SI1,56.96,57.2,1240,6.24,6.19,3.58
0.728,Good,J,SI1,66.8,57.4,1730,6.92,5.83,4.32
0.366,Ideal,F,VS2,61.06,54.6,819,5.86,5.1,3.34
0.391,Ideal,G,SI1,56.56,57.3,1032,6.13,6.45,3.61
0.804,Very Good,F,VVS1,65.4,60.1,3164,7.59,6.85,4.61
0.225,Good,H,SI1,58.16,57.4,333,5.75,6.44,3.59
0.578,Very Good,H,SI2,61.84,55.2,1362,6.53,6.03,3.77
0.256,Good,H,VS2,70.15,60.2,368,5.29,5.51,3.79
1.339,Good,F,SI2,58.75,58.6,4852,8.91,8.56,5.2
0.433,Premium,F,SI2,64.1,58.7,867,5.52,6.27,3.83
0.398,Very Good,E,SI2,,58.6,897,5.31,5.89,3.54
0.383,Very Good,H,VS2,62.99,54.5,802,6.11,5.7,3.67
0.176,Ideal,D,SI1,58.03,58.4,239,5.09,5.53,3.13
0.158,Premium,H,VS1,46.83,60.0,220,5.83,5.95,2.75
1.028,Ideal,I,VS1,58.87,55.9,3950,6.9,7.88,4.56
0.215,Very Good,I,SI1,58.94,52.8,449,5.92,5.28,3.39
0.296,Very Good,G,SI1,62.03,57.8,286,6.07,5.34,3.59
0.422,Premium,G,SI1,68.09,57.1,743,6.1,5.78,4.1
0.438,Good,D,VS1,67.08,53.6,1037,5.26,5.59,3.56
0.466,Fair,H,SI2,60.78,58.3,461,5.48,6.22,3.69
0.66,Premium,I,I1,61.21,58.2,1363,6.75,6.98,4.32
1.03,Premium,F,VS1,59.36,53.8,4548,7.48,7.55,4.42
0.431,Very Good,G,VS2,57.96,61.2,837,6.37,6.77,3.79
0.101,Premium,I,SI2,55.52,58.7,-24,5.23,5.96,3.13
0.626,Very Good,I,SI1,62.66,52.8,1389,6.5,6.69,3.97
0.438,Fair,F,VVS1,69.96,58.8,1109,5.12,6.38,3.98
0.334,Very Good,G,VVS2,61.48,58.7,457,6.16,5.47,3.49
0.286,Very Good,E,VS1,68.3,60.1,500,5.46,5.57,3.77
1.147,Good,E,VS2,51.93,55.6,4326,7.71,8.38,4.23
0.421,Ideal,J,VS2,57.05,58.8,1043,5.62,5.82,3.3
0.225,Premium,I,VVS1,50.44,56.5,352,4.95,6.16,2.74
0.585,Premium,I,VVS1,52.93,55.8,1940,7.05,6.91,3.63
0.951,Very Good,D,SI2,65.8,55.1,3344,7.7,7.68,5.08
0.185,Very Good,I,VVS2,63.09,52.8,447,5.79,4.99,3.37
1.019,Very Good,G,SI2,60.43,58.2,2913,7.46,7.42,4.41
0.135,Good,F,SI2,68.46,56.4,167,4.64,5.6,3.54
0.497,Very Good,G,VS1,63.32,51.0,1403,7.08,5.85,4.12
0.743,Ideal,E,SI1,56.29,57.2,2719,7.03,6.78,3.85
0.252,Premium,H,VVS1,70.72,59.5,617,5.68,5.93,4.23
0.159,Premium,H,SI2,66.2,54.1,-101,5.25,5.17,3.42
0.318,Premium,E,VS2,69.53,55.4,767,4.98,5.46,3.7
1.059,Ideal,E,VVS2,65.53,58.0,5462,8.1,6.93,4.84
0.604,Good,E,VVS2,69.24,51.4,1977,6.09,6.36,4.15
0.142,Very Good,D,SI2,54.91,55.8,247,5.57,5.66,3.13
1.341,Very Good,H,SI1,67.41,57.8,5299,8.66,8.0,5.75
0.291,Ideal,I,VS2,59.32,55.8,514,5.86,5.73,3.45
0.534,Ideal,D,SI2,65.3,54.1,1639,6.52,6.25,4.19
0.745,Very Good,D,VVS1,59.08,54.2,3143,7.4,6.6,4.08
0.721,Ideal,G,VVS2,58.83,53.5,2791,6.49,7.14,3.99
0.316,Ideal,I,SI2,66.91,55.6,374,5.86,6.45,4.14
0.592,Very Good,F,SI2,59.79,59.3,1410,6.39,6.88,3.96
0.564,Very Good,F,SI2,65.43,62.2,1546,5.67,6.13,3.94
0.478,Very Good,H,VVS2,59.64,57.1,1002,6.31,6.99,3.9
1.331,Ideal,F,SI2,68.91,58.7,5786,8.83,8.73,5.88
0.251,Very Good,D,SI1,69.65,54.9,547,6.18,5.44,4.13
0.199,Ideal,H,VS2,,52.4,557,6.24,5.19,3.78
0.606,Very Good,H,VS2,75.79,61.1,1648,5.81,6.96,4.87
0.617,Premium,H,SI2,52.74,55.7,1456,7.19,6.61,3.74
0.708,Very Good,H,SI1,64.18,58.6,1939,6.84,6.43,4.36
0.168,Premium,H,VVS1,57.34,57.3,220,6.06,5.36,3.37
0.647,Ideal,F,VVS2,54.61,59.2,2604,6.46,6.45,3.54
0.081,Ideal,F,VS1,67.66,59.1,-151,4.99,4.87,3.36
0.333,Ideal,E,I1,59.98,57.6,460,5.35,6.24,3.45
0.22,Good,E,SI1,65.71,57.9,375,5.86,5.86,3.89
1.01,Premium,H,VS2,56.27,59.7,3939,7.73,7.86,4.5
0.196,Very Good,I,SI1,60.02,56.1,231,5.04,5.82,3.26
0.585,Very Good,J,VVS2,74.63,60.4,1453,5.6,6.1,4.44
0.076,Premium,H,VS2,,55.4,28,5.36,4.95,3.19
0.114,Very Good,E,SI2,61.68,57.2,46,5.5,5.87,3.62
0.279,Premium,E,VVS2,63.53,58.4,572,5.3,5.74,3.65
0.141,Ideal,I,VVS1,69.44,53.4,138,4.88,4.76,3.44
0.42,Very Good,G,SI2,58.29,60.0,677,6.31,6.14,3.66
0.387,Premium,H,VS2,58.85,58.0,554,6.71,6.23,3.83
0.179,Very Good,I,SI1,61.21,64.3,246,5.25,5.66,3.33
0.474,Very Good,H,SI1,60.66,61.6,1088,5.83,5.81,3.57
0.081,Very Good,I,SI2,55.54,57.0,275,5.32,5.96,3.19
1.496,Ideal,D,VS2,68.62,60.9,8947,8.99,8.14,5.73
0.942,Ideal,H,VVS1,65.33,58.9,4495,7.21,7.4,4.67
0.228,Ideal,I,VS2,59.25,57.5,403,6.38,6.26,3.67
0.764,Ideal,F,SI2,59.32,53.3,2071,7.27,7.15,4.25
0.543,Very Good,H,VS2,52.13,53.9,1333,6.2,6.69,3.33
0.546,Very Good,F,SI1,59.87,57.0,1343,5.73,5.94,3.55
0.174,Premium,J,VVS2,56.89,55.9,398,5.96,5.57,3.27
0.168,Premium,D,SI1,,57.5,323,5.9,5.41,3.01
0.21,Very Good,G,SI2,61.01,60.0,225,5.4,5.07,3.26
0.594,Very Good,E,SI2,54.82,58.9,1716,6.63,6.83,3.82
0.286,Premium,H,VS1,61.54,55.5,667,5.65,5.39,3.37
0.183,Premium,E,SI1,70.43,59.0,312,5.67,5.18,3.81
0.878,Very Good,F,VS1,61.78,55.0,3291,6.79,7.37,4.4
0.176,Premium,G,SI2,69.82,54.5,209,4.97,5.38,3.64
0.529,Premium,J,SI1,58.23,57.8,1195,6.65,6.39,3.94
0.236,Premium,F,VS2,67.9,55.2,68,5.97,5.51,3.88
0.117,Very Good,E,VVS1,64.95,,14,5.1,5.86,3.58
0.933,Premium,H,VVS1,62.83,59.2,3964,7.03,6.96,4.32
0.159,Fair,G,SI2,71.18,58.4,201,5.86,5.21,3.93
0.973,Very Good,J,SI1,60.7,56.2,2680,7.15,7.62,4.42
0.394,Ideal,E,SI2,64.65,53.4,770,6.01,5.59,3.75
0.419,Premium,H,VS2,66.14,55.4,824,6.02,5.63,3.84
0.742,Very Good,F,VS2,67.28,61.3,2297,6.27,6.91,4.36
0.661,Premium,E,VVS2,62.84,59.1,2533,6.73,7.0,4.33
0.525,Premium,H,VVS1,56.62,60.1,1515,6.35,6.71,3.66
0.312,Ideal,H,SI1,63.86,57.6,495,5.92,5.82,3.78
0.628,Premium,H,VS2,65.12,56.2,1658,6.63,6.3,4.22
0.713,Premium,F,VVS2,59.31,59.0,2598,7.64,6.89,4.17
0.103,Premium,G,VVS2,57.91,59.8,107,5.72,5.48,3.2
0.417,Very Good,G,I1,56.35,55.9,802,6.06,6.15,3.48
0.036,Very Good,J,SI1,62.07,55.4,-137,5.14,5.58,3.3
0.577,Very Good,F,SI1,55.63,53.7,1711,7.15,6.04,3.77
0.165,Premium,F,SI1,62.54,55.4,26,5.76,5.13,3.42
0.602,Premium,F,SI2,60.17,58.5,1641,6.01,6.94,3.97
0.385,Very Good,G,I1,56.56,55.7,461,6.34,5.37,3.28
0.542,Fair,F,VS1,55.66,59.0,1130,6.85,6.14,3.63
1.135,Premium,J,SI1,61.76,61.3,4243,8.48,7.54,4.92
0.201,Very Good,F,SI2,64.33,57.1,252,5.34,4.88,3.24
0.388,Premium,I,SI1,59.55,57.0,757,5.78,5.9,3.51
0.461,Fair,E,VVS2,57.71,58.2,1049,5.78,6.45,3.56
0.142,Premium,H,VVS2,56.65,55.7,100,5.48,5.42,3.09
0.756,Ideal,J,VS2,64.71,55.6,2340,7.18,7.21,4.73
1.035,Very Good,E,SI1,55.95,55.6,3380,7.38,8.06,4.32
0.487,Premium,J,VVS1,69.94,,1064,6.16,6.06,4.27
1.215,Good,G,SI2,59.34,59.0,3918,7.22,9.1,4.82
0.623,Premium,J,SI2,57.06,55.9,1564,7.16,6.42,3.84
0.459,Premium,H,SI1,65.43,59.4,1217,5.52,6.06,3.9
0.78,Very Good,F,SI2,60.77,58.2,1956,7.1,6.67,4.29
0.382,Premium,E,SI1,57.68,56.9,876,6.05,6.17,3.61
0.357,Ideal,F,VVS2,63.41,58.8,606,5.91,5.78,3.7
0.614,Very Good,E,VS2,61.37,54.9,1711,6.56,6.5,4.03
1.371,Fair,E,SI1,59.47,55.3,5274,8.02,8.35,5.09
0.196,Ideal,E,VVS1,70.55,58.6,396,5.36,5.4,3.67
0.138,Premium,G,SI2,49.14,52.2,85,5.73,5.41,2.87
0.533,Ideal,I,SI2,55.93,57.0,1186,6.84,6.15,3.63
0.051,Premium,E,VS2,59.89,58.3,228,4.96,4.97,2.94
0.306,Ideal,E,VS2,56.33,59.9,629,5.14,6.19,3.24
0.401,Very Good,H,I1,65.19,60.3,567,5.69,5.89,3.73
0.274,Premium,E,SI1,58.45,56.7,726,6.43,5.84,3.66
0.986,Ideal,E,VS1,56.05,58.7,4641,7.18,7.11,3.99
0.947,Premium,E,VS1,57.71,55.2,3870,7.33,7.19,4.38
1.306,Very Good,J,VS2,61.17,56.0,5141,8.83,7.77,4.96
0.425,Very Good,I,SI1,57.71,60.0,956,5.85,6.8,3.65
0.477,Very Good,F,SI2,51.39,56.9,623,6.13,6.74,3.43
0.286,Very Good,H,SI1,58.18,,420,6.03,5.95,3.44
0.864,Very Good,G,SI2,53.91,54.7,2351,7.84,8.02,4.12
0.102,Premium,H,VVS1,58.55,57.9,322,5.0,5.56,3.15
0.312,Premium,H,VS2,50.37,58.7,572,6.34,5.71,3.05
0.884,Very Good,H,SI1,59.27,58.6,2700,7.1,7.36,4.33
0.37,Premium,F,VS1,56.22,54.3,903,5.57,6.47,3.44
0.272,Good,D,VS2,60.7,59.2,406,5.78,5.33,3.43
0.229,Good,G,SI1,,54.8,493,5.11,5.1,3.53
0.196,Very Good,I,VVS2,58.95,56.9,163,5.68,5.65,3.38
0.275,Premium,G,VVS2,60.06,53.4,478,6.95,5.45,3.75
0.576,Very Good,I,VS1,61.64,56.6,1485,6.88,5.54,3.86
0.426,Very Good,J,SI2,68.56,54.8,498,6.02,5.57,3.92
1.03,Very Good,E,VS2,65.27,56.0,4301,8.0,7.45,4.98
0.106,Ideal,H,VS1,63.84,57.1,117,4.89,5.28,3.34
0.245,Fair,H,SI2,62.48,58.8,385,5.31,5.64,3.46
0.143,Premium,J,SI1,61.38,58.7,3,5.33,6.16,3.44
0.226,Premium,J,VVS2,64.07,51.9,477,5.6,5.48,3.53
0.253,Ideal,H,I1,70.01,58.5,426,5.12,5.74,3.78
0.582,Ideal,F,VS1,69.7,57.5,2061,6.33,5.8,4.21
0.636,Fair,I,VS2,65.28,55.8,1656,6.53,6.58,4.3
0.604,Very Good,E,VS2,58.34,55.1,1635,7.13,6.64,4.02
0.741,Ideal,I,I1,67.71,56.9,1629,6.34,6.3,4.31
0.818,Premium,J,VVS2,68.2,57.5,2773,6.49,6.67,4.42
0.551,Premium,G,SI1,54.21,57.8,1369,6.45,6.57,3.56
0.704,Premium,H,VS2,64.98,56.6,2212,7.22,6.54,4.48
0.34,Premium,G,VS1,53.24,51.4,818,6.07,5.81,3.11
0.126,Ideal,G,VS1,63.42,55.9,404,5.44,5.53,3.5
0.24,Ideal,F,VVS1,59.46,54.4,599,5.48,6.41,3.54
1.01,Premium,I,VS2,59.02,61.5,3649,7.8,7.44,4.53
0.163,Very Good,J,SI1,58.24,57.1,4,5.74,6.12,3.46
0.311,Ideal,J,VVS1,68.84,58.6,827,5.67,4.99,3.69
0.139,Good,E,VS1,55.62,58.4,145,4.97,5.41,2.92
0.771,Very Good,I,SI1,69.32,57.7,2217,6.55,6.79,4.68
0.398,Ideal,H,SI2,61.13,56.1,704,6.35,5.78,3.72
0.317,Very Good,F,VVS2,77.27,55.8,853,5.17,6.06,4.27
0.053,Very Good,D,SI1,63.79,52.6,93,5.8,5.05,3.42
0.414,Very Good,F,VS1,65.61,57.3,1117,5.85,5.23,3.74
0.837,Ideal,J,VS2,60.16,57.7,2843,7.22,6.46,4.15
0.647,Premium,H,SI2,57.74,56.9,1430,6.9,6.91,4.04
0.246,Premium,H,VS2,,57.3,338,5.34,4.96,3.51
0.194,Very Good,F,SI2,69.46,54.3,34,5.3,5.78,3.83
0.444,Ideal,H,SI1,66.93,56.4,1050,6.16,6.16,4.13
0.1,Ideal,D,VS2,69.62,55.6,-103,4.91,5.18,3.39
0.592,Very Good,F,SI1,71.92,58.5,1553,6.05,6.45,4.52
0.154,Very Good,H,VS1,50.68,57.1,-357,4.99,5.59,2.73
0.203,Very Good,E,VVS2,63.14,55.6,467,5.99,5.04,3.54
0.197,Ideal,I,VS1,67.02,56.6,141,5.65,5.51,3.77
0.664,Premium,F,I1,68.65,54.7,1300,6.34,6.2,4.26
0.183,Ideal,H,SI2,53.27,56.3,427,5.81,5.52,2.97
0.2,Very Good,G,VS2,,58.3,314,5.2,5.76,3.82
1.072,Ideal,H,VVS1,65.99,54.1,5505,6.9,7.75,4.94
0.62,Ideal,E,VVS2,60.75,56.9,2219,6.83,6.79,4.13
0.444,Premium,D,VVS2,59.34,55.4,1508,6.77,5.83,3.79
0.442,Ideal,J,SI1,70.69,54.1,932,6.33,6.08,4.36
0.05,Very Good,F,SI1,72.09,61.1,47,4.37,5.03,3.31
0.48,Very Good,I,VS2,62.16,59.8,1251,6.19,6.08,3.75
0.937,Premium,J,SI2,58.34,55.7,2489,7.23,7.02,4.26
0.2,Premium,F,I1,66.94,,349,5.65,5.33,3.63
0.051,Premium,F,VVS1,70.75,52.6,99,4.79,4.68,3.47
0.148,Very Good,H,SI1,64.41,53.5,121,5.24,4.69,3.34
0.102,Premium,J,SI1,63.68,54.5,-78,4.69,4.97,3.09
0.506,Very Good,J,SI2,66.93,56.9,887,6.35,6.52,4.26
0.607,Very Good,G,VVS1,59.92,56.7,1798,5.96,6.61,3.74
0.63,Premium,I,VS2,74.67,57.7,1893,6.75,6.07,4.64
0.261,Premium,E,VS1,60.46,58.5,537,5.35,5.49,3.27
0.846,Very Good,J,VVS2,60.1,57.6,2732,5.86,7.39,3.99
0.051,Very Good,J,SI1,55.81,54.6,-189,5.45,4.95,2.83
0.238,Very Good,E,VS2,57.22,57.7,318,5.79,5.03,3.12
0.297,Very Good,F,I1,54.14,58.4,554,6.28,6.65,3.47
0.629,Ideal,E,SI2,,56.1,1809,5.74,6.51,3.9
0.105,Ideal,F,VVS2,71.49,52.9,105,5.0,4.8,3.56
0.409,Very Good,I,VS1,65.87,59.6,1114,6.08,6.09,3.98
0.762,Ideal,F,SI1,62.34,57.2,2537,7.13,6.87,4.18
0.684,Ideal,E,SI1,84.25,50.9,2169,6.12,6.09,5.06
0.247,Ideal,F,VS2,58.43,61.6,512,5.79,5.65,3.4
0.55,Very Good,J,I1,63.02,55.9,929,6.15,6.77,3.89
0.264,Ideal,H,SI1,60.12,62.4,357,4.92,5.57,3.11
0.272,Very Good,G,SI2,68.48,57.8,251,5.38,4.86,3.48
0.353,Very Good,E,SI1,61.32,56.6,908,6.09,6.02,3.72
1.135,Good,J,VVS2,59.41,57.4,4243,7.11,8.08,4.45
1.108,Premium,I,SI1,59.39,55.4,3802,8.02,7.54,4.61
0.746,Good,F,SI2,63.51,57.1,1886,6.98,6.63,4.32
0.156,Very Good,D,VS2,54.76,61.4,340,5.29,6.29,3.18
0.739,Very Good,D,VVS2,63.66,55.0,2824,6.19,6.58,3.99
0.355,Ideal,E,SI1,73.3,58.2,883,5.27,5.44,3.87
0.598,Ideal,H,SI2,56.01,55.4,1316,6.34,6.51,3.61
0.228,Very Good,J,SI1,55.32,56.6,381,5.12,5.8,3.12
0.661,Ideal,G,VS1,61.88,61.3,2098,6.52,6.87,4.14
0.681,Ideal,I,VS2,67.68,58.2,2114,7.06,5.72,4.38
0.452,Ideal,G,VVS2,64.53,58.6,1414,6.02,5.87,3.87
0.61,Very Good,H,VVS1,,57.2,1912,6.4,6.99,3.95
0.599,Premium,H,VS1,58.84,62.9,1577,6.38,6.63,3.91
0.243,Ideal,E,VS2,65.87,54.9,282,6.01,5.11,3.77
0.971,Premium,F,VS2,,53.5,4025,7.94,7.92,4.81
0.311,Very Good,H,SI2,59.16,60.7,335,5.95,6.16,3.58
0.099,Premium,D,IF,60.77,56.2,254,5.3,5.13,3.17
0.951,Premium,F,SI1,60.35,57.9,3497,7.47,7.73,4.54
0.432,Premium,G,SI2,51.39,60.8,688,6.65,6.88,3.53
0.664,Good,J,VS1,62.28,57.9,1636,6.85,6.24,4.05
0.414,Very Good,G,SI1,56.95,61.9,1066,6.64,6.26,3.57
0.107,Ideal,I,VS2,57.58,57.3,630,5.1,6.06,3.23
0.316,Ideal,G,VS2,63.11,55.4,590,5.26,6.05,3.44
0.414,Very Good,I,VS2,67.54,51.8,753,5.77,5.73,3.88
